사원번호,성명,부서,직급,지급연도,품목,사이즈,수량,단가(원),금액(원),지급사유,공급업체,구매일,지급일,지급여부
EMP0414,서지민,인사팀,주임,2023,근무복 하의,M,1,"30,000","30,000",분실교체,현대유니폼,2023-06-27,,미지급
EMP0092,전소희,품질관리팀,과장,2025,방한복,L,2,"75,000","150,000",연간정기지급,삼성안전,2025-03-05,2025-03-19,지급완료
EMP0184,류동현,생산2팀,부장,2025,안전조끼,XL,1,"18,000","18,000",신규입사,(주)워크웨어,2025-08-18,,미지급
EMP0572,김혜린,품질관리팀,대리,2025,안전조끼,FREE,2,"18,000","36,000",신규입사,(주)워크웨어,2025-11-28,,미지급
EMP0133,조보람,연구개발팀,주임,2023,방한복,2XL,3,"75,000","225,000",신규입사,(주)유니폼코리아,2023-12-30,2024-01-08,지급완료
EMP0024,강소희,재무팀,팀장,2023,안전화,245,2,"55,000","110,000",분실교체,(주)유니폼코리아,2023-06-26,2023-06-29,지급완료
EMP0391,한태영,총무팀,과장,2024,근무복 하의,S,3,"30,000","90,000",분실교체,삼성안전,2024-03-09,2024-03-17,지급완료
EMP0130,오지석,구매팀,사원,2023,근무복 하의,2XL,3,"30,000","90,000",신규입사,(주)유니폼코리아,2023-11-05,,미지급
EMP0122,정나연,생산3팀,주임,2026,안전화,250,1,"55,000","55,000",연간정기지급,(주)워크웨어,2026-02-22,,미지급
EMP0121,오현우,재무팀,사원,2026,안전조끼,L,1,"18,000","18,000",파손교체,대한안전용품,2026-04-14,2026-04-28,지급완료
EMP0387,서동현,영업팀,과장,2023,안전화,265,3,"55,000","165,000",파손교체,삼성안전,2023-07-09,2023-07-12,지급완료
EMP0455,윤나연,재무팀,주임,2024,방한복,XL,1,"75,000","75,000",사이즈변경,(주)워크웨어,2024-10-04,2024-10-08,지급완료
EMP0449,박상우,구매팀,과장,2024,근무복 세트,S,3,"60,000","180,000",사이즈변경,현대유니폼,2024-08-23,2024-09-03,지급완료
EMP0131,장혜린,설비유지팀,과장,2025,방한복,L,2,"75,000","150,000",연간정기지급,삼성안전,2025-02-15,,미지급
EMP0345,조유진,생산1팀,부장,2023,근무복 세트,L,1,"60,000","60,000",추가지급,삼성안전,2023-12-18,2023-12-31,지급완료
EMP0237,신지현,물류팀,부장,2025,안전화,240,1,"55,000","55,000",신규입사,현대유니폼,2025-10-24,2025-11-02,지급완료
EMP0318,강재원,구매팀,주임,2026,근무복 세트,XL,2,"60,000","120,000",연간정기지급,(주)유니폼코리아,2026-02-21,2026-03-02,지급완료
EMP0108,임지훈,인사팀,사원,2025,근무복 상의,XL,2,"35,000","70,000",연간정기지급,(주)유니폼코리아,2025-01-26,2025-02-04,지급완료
EMP0405,서아영,생산3팀,대리,2023,안전화,265,1,"55,000","55,000",사이즈변경,현대유니폼,2023-09-25,,미지급
EMP0184,오성호,품질관리팀,대리,2025,안전화,270,1,"55,000","55,000",추가지급,대한안전용품,2025-09-08,,미지급
EMP0077,송예린,구매팀,차장,2025,근무복 상의,S,2,"35,000","70,000",추가지급,(주)유니폼코리아,2025-10-08,2025-10-10,지급완료
EMP0584,송성호,재무팀,사원,2024,안전조끼,L,2,"18,000","36,000",분실교체,(주)유니폼코리아,2024-06-19,2024-06-22,지급완료
EMP0407,이서연,물류팀,차장,2023,근무복 하의,2XL,2,"30,000","60,000",신규입사,삼성안전,2023-11-21,,미지급
EMP0236,조수아,구매팀,주임,2025,근무복 세트,L,3,"60,000","180,000",분실교체,대한안전용품,2025-01-17,2025-01-19,지급완료
EMP0363,송지훈,연구개발팀,부장,2023,근무복 상의,M,1,"35,000","35,000",신규입사,현대유니폼,2023-11-04,2023-11-13,지급완료
EMP0389,강유진,연구개발팀,주임,2023,안전조끼,XL,3,"18,000","54,000",파손교체,삼성안전,2023-11-26,2023-12-02,지급완료
EMP0193,임현우,연구개발팀,사원,2025,근무복 하의,XL,3,"30,000","90,000",연간정기지급,삼성안전,2025-12-03,2025-12-15,지급완료
EMP0100,윤건우,구매팀,부장,2023,우비,FREE,1,"22,000","22,000",파손교체,(주)워크웨어,2023-12-07,,미지급
EMP0321,류서연,인사팀,과장,2023,근무복 상의,L,1,"35,000","35,000",분실교체,(주)워크웨어,2023-09-29,2023-09-30,지급완료
EMP0298,최소희,영업팀,팀장,2023,근무복 상의,S,2,"35,000","70,000",파손교체,(주)워크웨어,2023-12-02,2023-12-12,지급완료
EMP0036,서태준,설비유지팀,차장,2023,근무복 하의,2XL,1,"30,000","30,000",추가지급,삼성안전,2023-02-07,2023-02-20,지급완료
EMP0430,안지석,품질관리팀,주임,2024,안전조끼,L,1,"18,000","18,000",연간정기지급,현대유니폼,2024-03-10,2024-03-14,지급완료
EMP0097,신민준,인사팀,사원,2024,우비,FREE,1,"22,000","22,000",신규입사,(주)워크웨어,2024-01-04,2024-01-15,지급완료
EMP0188,류민호,영업팀,주임,2025,근무복 상의,S,3,"35,000","105,000",연간정기지급,현대유니폼,2025-03-21,2025-03-29,지급완료
EMP0239,한혜린,생산3팀,과장,2025,안전조끼,FREE,2,"18,000","36,000",추가지급,현대유니폼,2025-10-25,2025-10-28,지급완료
EMP0497,조지석,생산2팀,과장,2023,안전조끼,FREE,1,"18,000","18,000",연간정기지급,(주)워크웨어,2023-10-03,2023-10-11,지급완료
EMP0172,안하은,총무팀,팀장,2024,우비,FREE,1,"22,000","22,000",추가지급,삼성안전,2024-05-07,2024-05-16,지급완료
EMP0405,안미래,생산2팀,주임,2024,근무복 세트,L,3,"60,000","180,000",신규입사,(주)유니폼코리아,2024-11-15,2024-11-23,지급완료
EMP0040,신서연,물류팀,주임,2024,근무복 상의,L,1,"35,000","35,000",신규입사,현대유니폼,2024-07-03,2024-07-14,지급완료
EMP0544,임지민,연구개발팀,대리,2025,근무복 상의,M,2,"35,000","70,000",분실교체,(주)워크웨어,2025-03-08,2025-03-11,지급완료
EMP0203,권서연,생산1팀,대리,2023,근무복 하의,M,3,"30,000","90,000",신규입사,(주)워크웨어,2023-06-10,,미지급
EMP0326,서예린,총무팀,주임,2023,우비,FREE,1,"22,000","22,000",연간정기지급,(주)워크웨어,2023-03-01,2023-03-04,지급완료
EMP0263,박도윤,생산1팀,과장,2025,근무복 상의,XL,1,"35,000","35,000",분실교체,삼성안전,2025-01-27,,미지급
EMP0573,장동현,연구개발팀,대리,2025,우비,FREE,2,"22,000","44,000",신규입사,대한안전용품,2025-12-23,2025-12-27,지급완료
EMP0274,한채원,생산2팀,대리,2024,근무복 세트,2XL,3,"60,000","180,000",추가지급,삼성안전,2024-05-12,,미지급
EMP0535,김채원,연구개발팀,대리,2023,근무복 상의,XL,1,"35,000","35,000",추가지급,삼성안전,2023-02-06,,미지급
EMP0437,한재원,품질관리팀,차장,2025,방한복,M,2,"75,000","150,000",신규입사,현대유니폼,2025-03-26,2025-04-08,지급완료
EMP0287,권수빈,구매팀,대리,2023,안전조끼,FREE,3,"18,000","54,000",추가지급,대한안전용품,2023-02-10,2023-02-11,지급완료
EMP0420,조혜린,재무팀,부장,2023,안전조끼,XL,1,"18,000","18,000",연간정기지급,대한안전용품,2023-02-10,2023-02-12,지급완료
EMP0110,김혜린,설비유지팀,주임,2024,우비,FREE,3,"22,000","66,000",신규입사,(주)워크웨어,2024-08-10,,미지급
EMP0190,신승민,재무팀,사원,2024,근무복 상의,L,3,"35,000","105,000",파손교체,(주)유니폼코리아,2024-09-14,2024-09-19,지급완료
EMP0036,전태준,생산2팀,대리,2024,안전화,270,1,"55,000","55,000",연간정기지급,현대유니폼,2024-08-18,,미지급
EMP0314,권성호,총무팀,대리,2024,방한복,L,2,"75,000","150,000",파손교체,현대유니폼,2024-08-03,2024-08-06,지급완료
EMP0132,안예린,인사팀,대리,2024,안전조끼,XL,1,"18,000","18,000",연간정기지급,현대유니폼,2024-04-09,,미지급
EMP0001,한수빈,연구개발팀,과장,2025,안전조끼,FREE,1,"18,000","18,000",사이즈변경,(주)유니폼코리아,2025-05-14,,미지급
EMP0086,김지민,생산2팀,팀장,2023,근무복 하의,L,1,"30,000","30,000",추가지급,(주)워크웨어,2023-08-23,2023-08-26,지급완료
EMP0178,송하은,재무팀,주임,2024,근무복 상의,2XL,1,"35,000","35,000",파손교체,삼성안전,2024-10-24,2024-10-25,지급완료
EMP0343,안서연,구매팀,부장,2024,근무복 세트,XL,3,"60,000","180,000",연간정기지급,(주)유니폼코리아,2024-12-16,2024-12-20,지급완료
EMP0333,송하은,품질관리팀,팀장,2025,근무복 하의,2XL,3,"30,000","90,000",연간정기지급,현대유니폼,2025-05-19,,미지급
EMP0356,송현우,연구개발팀,차장,2023,우비,FREE,1,"22,000","22,000",연간정기지급,대한안전용품,2023-02-03,2023-02-13,지급완료
EMP0447,이지훈,총무팀,대리,2023,방한복,XL,2,"75,000","150,000",추가지급,(주)유니폼코리아,2023-12-21,2023-12-30,지급완료
EMP0563,임서연,재무팀,대리,2023,안전화,255,3,"55,000","165,000",추가지급,(주)유니폼코리아,2023-11-19,2023-11-20,지급완료
EMP0487,서혜린,총무팀,차장,2025,안전화,265,3,"55,000","165,000",연간정기지급,(주)워크웨어,2025-02-11,2025-02-16,지급완료
EMP0138,박성호,재무팀,사원,2024,근무복 상의,L,2,"35,000","70,000",분실교체,(주)유니폼코리아,2024-10-03,2024-10-13,지급완료
EMP0297,장혜린,생산3팀,주임,2023,방한복,L,2,"75,000","150,000",연간정기지급,대한안전용품,2023-02-25,2023-03-06,지급완료
EMP0422,안미래,생산3팀,대리,2025,근무복 세트,XL,3,"60,000","180,000",신규입사,삼성안전,2025-02-25,2025-02-27,지급완료
EMP0234,황도윤,생산2팀,과장,2023,근무복 세트,M,3,"60,000","180,000",신규입사,(주)워크웨어,2023-03-19,,미지급
EMP0575,정도윤,물류팀,팀장,2023,방한복,M,1,"75,000","75,000",추가지급,(주)유니폼코리아,2023-01-31,2023-02-14,지급완료
EMP0462,조도윤,총무팀,팀장,2023,안전화,275,3,"55,000","165,000",분실교체,대한안전용품,2023-01-07,2023-01-11,지급완료
EMP0160,신현우,생산3팀,팀장,2023,우비,FREE,2,"22,000","44,000",파손교체,(주)유니폼코리아,2023-02-12,2023-02-25,지급완료
EMP0034,윤건우,영업팀,팀장,2024,근무복 세트,XL,1,"60,000","60,000",추가지급,대한안전용품,2024-08-05,2024-08-15,지급완료
EMP0033,한건우,물류팀,차장,2025,우비,FREE,3,"22,000","66,000",연간정기지급,현대유니폼,2025-04-29,2025-05-10,지급완료
EMP0261,황태준,생산2팀,과장,2024,방한복,2XL,3,"75,000","225,000",사이즈변경,(주)유니폼코리아,2024-06-17,2024-06-27,지급완료
EMP0571,강민호,생산1팀,부장,2023,근무복 세트,M,1,"60,000","60,000",파손교체,(주)워크웨어,2023-02-06,2023-02-09,지급완료
EMP0330,서유진,영업팀,주임,2023,근무복 세트,L,1,"60,000","60,000",사이즈변경,(주)워크웨어,2023-01-13,,미지급
EMP0493,한수빈,재무팀,주임,2023,근무복 세트,2XL,1,"60,000","60,000",분실교체,현대유니폼,2023-04-09,,미지급
EMP0158,권지민,총무팀,사원,2025,우비,FREE,2,"22,000","44,000",파손교체,대한안전용품,2025-05-17,2025-05-26,지급완료
EMP0066,박예린,재무팀,팀장,2024,근무복 하의,XL,1,"30,000","30,000",연간정기지급,(주)워크웨어,2024-05-15,,미지급
EMP0083,강서연,연구개발팀,사원,2024,근무복 상의,XL,2,"35,000","70,000",사이즈변경,(주)워크웨어,2024-03-16,2024-03-28,지급완료
EMP0518,김현우,재무팀,차장,2025,방한복,2XL,3,"75,000","225,000",추가지급,대한안전용품,2025-06-08,2025-06-14,지급완료
EMP0147,황건우,물류팀,부장,2025,우비,FREE,2,"22,000","44,000",사이즈변경,현대유니폼,2025-06-28,2025-07-06,지급완료
EMP0499,전채원,설비유지팀,차장,2025,안전화,275,1,"55,000","55,000",연간정기지급,(주)유니폼코리아,2025-09-18,,미지급
EMP0354,황민준,영업팀,과장,2024,근무복 세트,S,3,"60,000","180,000",분실교체,삼성안전,2024-02-05,2024-02-08,지급완료
EMP0554,김수아,생산3팀,차장,2024,방한복,L,1,"75,000","75,000",신규입사,(주)워크웨어,2024-03-27,2024-04-09,지급완료
EMP0062,이민호,품질관리팀,사원,2024,근무복 하의,M,3,"30,000","90,000",연간정기지급,삼성안전,2024-02-28,2024-03-03,지급완료
EMP0271,황유진,물류팀,대리,2023,근무복 세트,M,2,"60,000","120,000",신규입사,대한안전용품,2023-02-05,,미지급
EMP0596,이태준,품질관리팀,팀장,2025,우비,FREE,2,"22,000","44,000",추가지급,삼성안전,2025-01-25,2025-01-31,지급완료
EMP0343,임아영,재무팀,과장,2025,방한복,2XL,1,"75,000","75,000",분실교체,현대유니폼,2025-08-19,2025-08-20,지급완료
EMP0093,한수아,생산1팀,과장,2023,방한복,XL,3,"75,000","225,000",파손교체,(주)워크웨어,2023-01-08,2023-01-11,지급완료
EMP0348,장동현,연구개발팀,대리,2024,안전화,250,3,"55,000","165,000",분실교체,(주)유니폼코리아,2024-04-17,2024-04-28,지급완료
EMP0090,황지훈,생산2팀,부장,2025,근무복 하의,S,2,"30,000","60,000",연간정기지급,대한안전용품,2025-03-07,2025-03-21,지급완료
EMP0056,정미래,설비유지팀,팀장,2023,안전조끼,L,1,"18,000","18,000",파손교체,대한안전용품,2023-01-15,2023-01-29,지급완료
EMP0387,장소희,연구개발팀,팀장,2026,근무복 하의,M,3,"30,000","90,000",추가지급,(주)유니폼코리아,2026-04-01,2026-04-14,지급완료
EMP0159,이나연,물류팀,과장,2024,근무복 하의,S,1,"30,000","30,000",분실교체,(주)워크웨어,2024-08-12,2024-08-23,지급완료
EMP0254,한보람,품질관리팀,사원,2023,근무복 하의,L,2,"30,000","60,000",분실교체,대한안전용품,2023-08-20,2023-09-03,지급완료
EMP0002,류하은,품질관리팀,대리,2023,안전화,270,2,"55,000","110,000",연간정기지급,삼성안전,2023-10-14,2023-10-24,지급완료
EMP0522,권성호,영업팀,팀장,2024,근무복 하의,XL,1,"30,000","30,000",추가지급,대한안전용품,2024-07-30,2024-08-08,지급완료
EMP0349,권아영,연구개발팀,주임,2023,근무복 상의,2XL,3,"35,000","105,000",연간정기지급,(주)워크웨어,2023-03-20,2023-03-23,지급완료
EMP0448,김지훈,생산2팀,주임,2023,근무복 상의,M,1,"35,000","35,000",신규입사,(주)유니폼코리아,2023-09-10,2023-09-12,지급완료
EMP0276,오민호,물류팀,주임,2023,안전화,270,3,"55,000","165,000",사이즈변경,대한안전용품,2023-04-07,2023-04-14,지급완료
EMP0525,권동현,생산2팀,대리,2024,근무복 하의,L,3,"30,000","90,000",추가지급,대한안전용품,2024-09-21,2024-10-01,지급완료
EMP0206,이재원,총무팀,대리,2025,방한복,L,3,"75,000","225,000",분실교체,삼성안전,2025-08-14,2025-08-16,지급완료
EMP0217,최서연,생산3팀,과장,2024,우비,FREE,1,"22,000","22,000",추가지급,삼성안전,2024-02-18,2024-02-21,지급완료
EMP0080,류보람,설비유지팀,사원,2025,우비,FREE,1,"22,000","22,000",추가지급,현대유니폼,2025-11-25,2025-12-08,지급완료
EMP0452,전준혁,인사팀,대리,2025,방한복,XL,3,"75,000","225,000",분실교체,(주)워크웨어,2025-06-22,,미지급
EMP0490,윤아영,총무팀,차장,2023,우비,FREE,1,"22,000","22,000",연간정기지급,현대유니폼,2023-05-20,2023-06-03,지급완료
EMP0242,안태영,총무팀,차장,2024,안전화,260,1,"55,000","55,000",추가지급,(주)워크웨어,2024-07-31,2024-08-07,지급완료
EMP0054,박채원,품질관리팀,팀장,2025,안전조끼,XL,2,"18,000","36,000",추가지급,삼성안전,2025-01-09,2025-01-12,지급완료
EMP0358,류지현,구매팀,주임,2024,근무복 세트,L,3,"60,000","180,000",파손교체,대한안전용품,2024-05-11,2024-05-15,지급완료
EMP0520,류수아,연구개발팀,팀장,2024,안전화,250,2,"55,000","110,000",사이즈변경,대한안전용품,2024-07-23,2024-08-03,지급완료
EMP0221,전나연,생산1팀,차장,2025,안전화,260,1,"55,000","55,000",연간정기지급,현대유니폼,2025-01-16,,미지급
EMP0550,장미래,생산2팀,주임,2026,안전화,280,3,"55,000","165,000",연간정기지급,대한안전용품,2026-05-25,2026-05-28,지급완료
EMP0025,안수아,구매팀,사원,2025,안전조끼,L,2,"18,000","36,000",신규입사,현대유니폼,2025-11-01,,미지급
EMP0086,권건우,인사팀,차장,2024,근무복 세트,M,2,"60,000","120,000",추가지급,(주)유니폼코리아,2024-10-25,2024-10-27,지급완료
EMP0166,윤지석,설비유지팀,차장,2025,근무복 하의,M,3,"30,000","90,000",파손교체,대한안전용품,2025-09-04,2025-09-17,지급완료
EMP0392,권태준,설비유지팀,팀장,2024,방한복,M,1,"75,000","75,000",신규입사,삼성안전,2024-02-27,2024-03-08,지급완료
EMP0189,송혜린,연구개발팀,차장,2025,근무복 하의,M,3,"30,000","90,000",신규입사,(주)유니폼코리아,2025-05-25,2025-05-30,지급완료
EMP0340,황태영,품질관리팀,팀장,2025,안전조끼,FREE,1,"18,000","18,000",사이즈변경,대한안전용품,2025-03-28,2025-04-01,지급완료
EMP0574,한건우,영업팀,차장,2023,안전조끼,L,3,"18,000","54,000",추가지급,대한안전용품,2023-12-16,2023-12-24,지급완료
EMP0146,신준혁,구매팀,대리,2023,근무복 세트,XL,2,"60,000","120,000",연간정기지급,삼성안전,2023-06-04,2023-06-14,지급완료
EMP0533,송민준,구매팀,부장,2024,안전화,280,1,"55,000","55,000",분실교체,삼성안전,2024-03-23,,미지급
EMP0492,김지민,품질관리팀,사원,2025,근무복 하의,2XL,3,"30,000","90,000",추가지급,대한안전용품,2025-03-06,2025-03-09,지급완료
EMP0321,서도윤,연구개발팀,부장,2026,근무복 세트,S,3,"60,000","180,000",신규입사,대한안전용품,2026-03-18,,미지급
EMP0423,송승민,연구개발팀,주임,2024,근무복 상의,L,3,"35,000","105,000",파손교체,(주)유니폼코리아,2024-10-19,2024-10-23,지급완료
EMP0253,황나연,구매팀,대리,2023,안전조끼,L,3,"18,000","54,000",분실교체,현대유니폼,2023-11-19,2023-11-20,지급완료
EMP0046,안보람,연구개발팀,대리,2023,안전조끼,L,2,"18,000","36,000",사이즈변경,대한안전용품,2023-03-16,2023-03-30,지급완료
EMP0161,임보람,재무팀,과장,2024,근무복 세트,S,1,"60,000","60,000",분실교체,현대유니폼,2024-07-05,,미지급
EMP0406,이지민,인사팀,팀장,2023,근무복 상의,XL,3,"35,000","105,000",추가지급,삼성안전,2023-11-11,2023-11-15,지급완료
EMP0339,최소희,총무팀,사원,2025,안전화,250,1,"55,000","55,000",연간정기지급,대한안전용품,2025-12-18,,미지급
EMP0261,정도윤,생산3팀,사원,2025,근무복 세트,L,2,"60,000","120,000",사이즈변경,삼성안전,2025-08-18,2025-08-31,지급완료
EMP0581,임수아,총무팀,과장,2025,방한복,M,3,"75,000","225,000",파손교체,(주)유니폼코리아,2025-01-27,2025-01-31,지급완료
EMP0001,정혜린,총무팀,사원,2025,근무복 세트,2XL,2,"60,000","120,000",연간정기지급,(주)유니폼코리아,2025-02-15,2025-02-27,지급완료
EMP0354,류지석,생산3팀,차장,2026,근무복 하의,S,1,"30,000","30,000",신규입사,(주)워크웨어,2026-01-22,,미지급
EMP0297,장태영,연구개발팀,사원,2023,근무복 하의,S,2,"30,000","60,000",분실교체,삼성안전,2023-07-18,2023-07-27,지급완료
EMP0535,최나연,총무팀,사원,2023,우비,FREE,1,"22,000","22,000",파손교체,(주)유니폼코리아,2023-11-14,2023-11-26,지급완료
EMP0334,안성호,영업팀,사원,2024,근무복 하의,2XL,2,"30,000","60,000",사이즈변경,(주)유니폼코리아,2024-01-18,2024-01-24,지급완료
EMP0015,강채원,생산1팀,사원,2025,근무복 하의,L,3,"30,000","90,000",분실교체,삼성안전,2025-07-05,2025-07-14,지급완료
EMP0457,강지민,구매팀,차장,2023,근무복 세트,L,2,"60,000","120,000",파손교체,삼성안전,2023-09-09,2023-09-10,지급완료
EMP0260,윤나연,설비유지팀,부장,2023,근무복 상의,M,3,"35,000","105,000",분실교체,(주)워크웨어,2023-04-16,2023-04-18,지급완료
EMP0592,조현우,품질관리팀,부장,2023,안전화,250,1,"55,000","55,000",추가지급,(주)유니폼코리아,2023-04-09,2023-04-19,지급완료
EMP0333,김혜린,구매팀,대리,2026,방한복,XL,1,"75,000","75,000",연간정기지급,현대유니폼,2026-01-03,,미지급
EMP0281,윤상우,생산2팀,대리,2023,근무복 상의,S,3,"35,000","105,000",추가지급,삼성안전,2023-06-18,2023-06-20,지급완료
EMP0187,윤미래,인사팀,사원,2025,우비,FREE,2,"22,000","44,000",연간정기지급,(주)워크웨어,2025-06-23,,미지급
EMP0413,조준혁,설비유지팀,과장,2025,안전화,260,2,"55,000","110,000",추가지급,삼성안전,2025-10-01,2025-10-15,지급완료
EMP0565,정유진,품질관리팀,차장,2024,방한복,2XL,3,"75,000","225,000",파손교체,(주)워크웨어,2024-06-25,2024-07-03,지급완료
EMP0367,조성호,생산3팀,대리,2024,근무복 상의,L,1,"35,000","35,000",사이즈변경,(주)유니폼코리아,2024-08-28,2024-09-04,지급완료
EMP0411,강승민,생산2팀,과장,2023,안전조끼,L,1,"18,000","18,000",분실교체,현대유니폼,2023-04-20,,미지급
EMP0223,이수아,생산1팀,대리,2026,안전화,280,1,"55,000","55,000",추가지급,(주)워크웨어,2026-04-29,2026-05-04,지급완료
EMP0340,류태준,영업팀,사원,2023,근무복 상의,S,2,"35,000","70,000",추가지급,(주)유니폼코리아,2023-12-20,2023-12-24,지급완료
EMP0150,송미래,총무팀,주임,2024,방한복,XL,1,"75,000","75,000",파손교체,(주)워크웨어,2024-08-29,2024-09-01,지급완료
EMP0272,최지훈,품질관리팀,차장,2024,근무복 세트,L,2,"60,000","120,000",사이즈변경,(주)워크웨어,2024-01-23,2024-01-29,지급완료
EMP0545,박건우,영업팀,부장,2023,근무복 상의,L,3,"35,000","105,000",파손교체,대한안전용품,2023-01-04,2023-01-12,지급완료
EMP0190,신준혁,물류팀,사원,2025,안전화,250,2,"55,000","110,000",사이즈변경,현대유니폼,2025-08-26,2025-09-02,지급완료
EMP0448,조건우,구매팀,대리,2023,근무복 상의,S,3,"35,000","105,000",연간정기지급,삼성안전,2023-11-13,2023-11-21,지급완료
EMP0551,서수아,생산1팀,차장,2023,근무복 세트,S,1,"60,000","60,000",신규입사,삼성안전,2023-05-18,2023-05-28,지급완료
EMP0386,임채원,물류팀,부장,2023,안전화,245,3,"55,000","165,000",사이즈변경,삼성안전,2023-10-25,2023-11-02,지급완료
EMP0219,정하은,생산1팀,팀장,2023,안전화,240,2,"55,000","110,000",사이즈변경,대한안전용품,2023-03-19,2023-03-21,지급완료
EMP0033,서건우,생산2팀,대리,2024,근무복 하의,M,3,"30,000","90,000",분실교체,(주)유니폼코리아,2024-12-29,2025-01-09,지급완료
EMP0529,장지석,생산1팀,사원,2026,근무복 세트,M,2,"60,000","120,000",사이즈변경,삼성안전,2026-05-24,2026-06-05,지급완료
EMP0560,강준혁,생산2팀,사원,2023,근무복 상의,XL,2,"35,000","70,000",사이즈변경,삼성안전,2023-12-11,2023-12-23,지급완료
EMP0195,오지현,물류팀,사원,2026,근무복 하의,L,1,"30,000","30,000",신규입사,(주)유니폼코리아,2026-03-13,,미지급
EMP0566,최태준,총무팀,차장,2023,근무복 세트,2XL,3,"60,000","180,000",파손교체,(주)워크웨어,2023-01-21,2023-01-22,지급완료
EMP0293,강민호,물류팀,사원,2025,근무복 상의,M,3,"35,000","105,000",연간정기지급,현대유니폼,2025-02-07,2025-02-19,지급완료
EMP0203,장소희,연구개발팀,부장,2026,안전조끼,FREE,1,"18,000","18,000",파손교체,(주)워크웨어,2026-02-18,,미지급
EMP0028,서미래,재무팀,주임,2025,안전조끼,L,2,"18,000","36,000",연간정기지급,(주)워크웨어,2025-03-07,2025-03-11,지급완료
EMP0445,안혜린,총무팀,차장,2024,방한복,M,1,"75,000","75,000",신규입사,(주)워크웨어,2024-12-18,2024-12-25,지급완료
EMP0234,윤채원,영업팀,차장,2025,안전조끼,L,3,"18,000","54,000",연간정기지급,(주)유니폼코리아,2025-05-08,2025-05-09,지급완료
EMP0117,강서연,총무팀,대리,2024,근무복 상의,L,3,"35,000","105,000",연간정기지급,삼성안전,2024-02-27,,미지급
EMP0222,이민호,재무팀,부장,2024,근무복 하의,XL,1,"30,000","30,000",연간정기지급,삼성안전,2024-01-20,2024-01-28,지급완료
EMP0374,안혜린,품질관리팀,부장,2024,근무복 하의,M,1,"30,000","30,000",신규입사,현대유니폼,2024-08-05,2024-08-13,지급완료
EMP0248,장보람,재무팀,팀장,2024,근무복 상의,2XL,3,"35,000","105,000",추가지급,(주)유니폼코리아,2024-05-04,2024-05-11,지급완료
EMP0471,조재원,구매팀,주임,2026,근무복 상의,M,3,"35,000","105,000",신규입사,삼성안전,2026-01-03,,미지급
EMP0211,류유진,물류팀,과장,2024,근무복 상의,S,1,"35,000","35,000",추가지급,삼성안전,2024-11-04,2024-11-10,지급완료
EMP0458,한예린,연구개발팀,부장,2025,안전화,255,2,"55,000","110,000",파손교체,현대유니폼,2025-05-08,2025-05-15,지급완료
EMP0071,정지훈,생산2팀,부장,2024,방한복,L,2,"75,000","150,000",신규입사,(주)워크웨어,2024-10-14,2024-10-24,지급완료
EMP0079,정재원,품질관리팀,주임,2025,근무복 상의,S,2,"35,000","70,000",연간정기지급,삼성안전,2025-09-10,,미지급
EMP0482,류지민,설비유지팀,부장,2023,방한복,XL,1,"75,000","75,000",연간정기지급,삼성안전,2023-04-20,2023-05-03,지급완료
EMP0458,류태준,연구개발팀,차장,2025,방한복,XL,1,"75,000","75,000",신규입사,(주)워크웨어,2025-02-28,,미지급
EMP0383,이민호,영업팀,과장,2024,근무복 하의,L,2,"30,000","60,000",파손교체,(주)워크웨어,2024-11-09,2024-11-10,지급완료
EMP0410,서태영,품질관리팀,과장,2024,방한복,2XL,1,"75,000","75,000",연간정기지급,현대유니폼,2024-10-06,,미지급
EMP0356,오소희,생산3팀,부장,2026,근무복 상의,M,1,"35,000","35,000",사이즈변경,(주)유니폼코리아,2026-03-07,2026-03-13,지급완료
EMP0320,박유진,설비유지팀,사원,2024,근무복 상의,L,1,"35,000","35,000",사이즈변경,(주)유니폼코리아,2024-07-03,2024-07-13,지급완료
EMP0459,류채원,설비유지팀,주임,2023,안전화,280,1,"55,000","55,000",파손교체,삼성안전,2023-09-26,2023-10-08,지급완료
EMP0168,최예린,생산1팀,과장,2026,근무복 상의,2XL,1,"35,000","35,000",추가지급,현대유니폼,2026-04-20,2026-05-01,지급완료
EMP0096,이수아,물류팀,대리,2024,우비,FREE,3,"22,000","66,000",추가지급,현대유니폼,2024-03-21,2024-03-26,지급완료
EMP0099,장준혁,인사팀,부장,2023,근무복 상의,M,3,"35,000","105,000",신규입사,(주)워크웨어,2023-04-16,2023-04-29,지급완료
EMP0046,윤지훈,영업팀,사원,2025,안전조끼,FREE,2,"18,000","36,000",신규입사,(주)워크웨어,2025-03-04,,미지급
EMP0098,이준혁,생산2팀,팀장,2024,우비,FREE,1,"22,000","22,000",연간정기지급,대한안전용품,2024-03-28,2024-04-11,지급완료
EMP0559,김나연,총무팀,주임,2025,근무복 하의,XL,3,"30,000","90,000",추가지급,(주)유니폼코리아,2025-08-23,2025-09-01,지급완료
EMP0582,오미래,품질관리팀,팀장,2025,우비,FREE,2,"22,000","44,000",신규입사,(주)유니폼코리아,2025-04-30,2025-05-07,지급완료
EMP0528,오지훈,물류팀,팀장,2025,우비,FREE,3,"22,000","66,000",파손교체,현대유니폼,2025-12-07,2025-12-13,지급완료
EMP0006,강예린,생산1팀,부장,2024,근무복 하의,2XL,3,"30,000","90,000",추가지급,대한안전용품,2024-12-06,2024-12-10,지급완료
EMP0407,황나연,총무팀,팀장,2024,근무복 세트,L,2,"60,000","120,000",분실교체,(주)워크웨어,2024-06-14,,미지급
EMP0262,류지민,품질관리팀,대리,2025,우비,FREE,1,"22,000","22,000",사이즈변경,(주)유니폼코리아,2025-09-30,,미지급
EMP0130,황예린,영업팀,차장,2024,근무복 하의,XL,3,"30,000","90,000",사이즈변경,(주)워크웨어,2024-06-05,,미지급
EMP0366,정지민,생산3팀,팀장,2025,우비,FREE,3,"22,000","66,000",사이즈변경,(주)유니폼코리아,2025-08-15,2025-08-25,지급완료
EMP0178,송준혁,설비유지팀,사원,2026,안전조끼,FREE,2,"18,000","36,000",분실교체,현대유니폼,2026-05-14,,미지급
EMP0499,최건우,생산3팀,대리,2023,근무복 상의,2XL,3,"35,000","105,000",파손교체,대한안전용품,2023-10-23,2023-10-29,지급완료
EMP0024,조지석,생산3팀,과장,2024,근무복 하의,2XL,2,"30,000","60,000",분실교체,(주)유니폼코리아,2024-10-16,2024-10-24,지급완료
EMP0076,신아영,영업팀,대리,2025,근무복 세트,M,1,"60,000","60,000",신규입사,(주)워크웨어,2025-05-20,2025-05-26,지급완료
EMP0323,조민준,설비유지팀,주임,2025,안전조끼,L,3,"18,000","54,000",사이즈변경,대한안전용품,2025-01-26,2025-01-29,지급완료
EMP0570,강수아,영업팀,과장,2023,우비,FREE,1,"22,000","22,000",연간정기지급,삼성안전,2023-06-29,2023-07-07,지급완료
EMP0534,장재원,설비유지팀,부장,2025,우비,FREE,2,"22,000","44,000",신규입사,대한안전용품,2025-01-16,2025-01-23,지급완료
EMP0473,안건우,생산2팀,주임,2024,안전조끼,XL,1,"18,000","18,000",추가지급,대한안전용품,2024-12-24,,미지급
EMP0300,윤상우,총무팀,과장,2024,안전화,265,1,"55,000","55,000",사이즈변경,(주)유니폼코리아,2024-07-02,2024-07-06,지급완료
EMP0165,서아영,생산2팀,주임,2026,안전화,270,3,"55,000","165,000",추가지급,(주)유니폼코리아,2026-01-24,2026-02-06,지급완료
EMP0574,조소희,생산2팀,팀장,2025,근무복 하의,M,1,"30,000","30,000",연간정기지급,(주)워크웨어,2025-12-05,2025-12-15,지급완료
EMP0311,전동현,생산1팀,과장,2025,안전조끼,L,2,"18,000","36,000",추가지급,대한안전용품,2025-07-20,,미지급
EMP0586,강지현,설비유지팀,차장,2025,안전화,245,3,"55,000","165,000",추가지급,대한안전용품,2025-09-26,2025-10-07,지급완료
EMP0243,황나연,연구개발팀,차장,2024,안전조끼,L,3,"18,000","54,000",신규입사,삼성안전,2024-05-10,,미지급
EMP0203,김미래,품질관리팀,사원,2023,우비,FREE,1,"22,000","22,000",사이즈변경,현대유니폼,2023-08-01,2023-08-09,지급완료
EMP0458,박지훈,생산2팀,사원,2026,근무복 상의,XL,3,"35,000","105,000",사이즈변경,(주)워크웨어,2026-01-10,2026-01-15,지급완료
EMP0342,서미래,설비유지팀,부장,2024,안전조끼,L,2,"18,000","36,000",신규입사,(주)유니폼코리아,2024-10-01,2024-10-15,지급완료
EMP0575,임하은,영업팀,차장,2025,우비,FREE,3,"22,000","66,000",연간정기지급,(주)유니폼코리아,2025-08-17,2025-08-28,지급완료
EMP0557,전지훈,품질관리팀,부장,2026,안전화,280,1,"55,000","55,000",파손교체,(주)워크웨어,2026-03-01,2026-03-11,지급완료
EMP0488,최민호,재무팀,주임,2023,우비,FREE,1,"22,000","22,000",신규입사,현대유니폼,2023-07-04,2023-07-18,지급완료
EMP0598,서도윤,물류팀,부장,2025,방한복,XL,2,"75,000","150,000",사이즈변경,(주)유니폼코리아,2025-12-19,2025-12-30,지급완료
EMP0409,임현우,생산2팀,부장,2024,방한복,L,3,"75,000","225,000",사이즈변경,(주)유니폼코리아,2024-01-07,2024-01-21,지급완료
EMP0560,박나연,영업팀,과장,2024,방한복,M,3,"75,000","225,000",추가지급,(주)유니폼코리아,2024-04-21,2024-05-02,지급완료
EMP0543,서채원,물류팀,주임,2025,근무복 세트,M,1,"60,000","60,000",추가지급,(주)워크웨어,2025-11-13,2025-11-19,지급완료
EMP0178,신현우,인사팀,차장,2025,우비,FREE,3,"22,000","66,000",추가지급,대한안전용품,2025-06-10,2025-06-19,지급완료
EMP0426,최서연,물류팀,대리,2024,근무복 하의,L,1,"30,000","30,000",파손교체,(주)유니폼코리아,2024-03-24,,미지급
EMP0447,강서연,생산2팀,팀장,2026,근무복 하의,2XL,3,"30,000","90,000",신규입사,(주)유니폼코리아,2026-02-18,,미지급
EMP0067,오아영,인사팀,사원,2025,안전화,240,3,"55,000","165,000",연간정기지급,(주)유니폼코리아,2025-04-05,2025-04-08,지급완료
EMP0097,김상우,물류팀,부장,2025,방한복,L,1,"75,000","75,000",연간정기지급,(주)워크웨어,2025-07-31,,미지급
EMP0207,권현우,생산2팀,과장,2023,방한복,M,3,"75,000","225,000",연간정기지급,현대유니폼,2023-03-25,2023-04-07,지급완료
EMP0357,류예린,생산2팀,대리,2023,안전조끼,L,3,"18,000","54,000",분실교체,대한안전용품,2023-12-28,2024-01-08,지급완료
EMP0299,최도윤,생산1팀,주임,2025,안전화,280,3,"55,000","165,000",신규입사,(주)유니폼코리아,2025-06-19,2025-07-02,지급완료
EMP0164,장하은,구매팀,팀장,2024,우비,FREE,2,"22,000","44,000",연간정기지급,현대유니폼,2024-07-29,2024-08-01,지급완료
EMP0454,류태영,구매팀,주임,2023,안전화,255,2,"55,000","110,000",연간정기지급,(주)유니폼코리아,2023-03-28,2023-04-07,지급완료
EMP0271,신민호,총무팀,대리,2023,방한복,L,2,"75,000","150,000",사이즈변경,현대유니폼,2023-05-22,2023-05-30,지급완료
EMP0193,박민호,물류팀,과장,2024,우비,FREE,2,"22,000","44,000",연간정기지급,대한안전용품,2024-03-14,,미지급
EMP0249,오미래,인사팀,주임,2026,근무복 하의,XL,2,"30,000","60,000",신규입사,현대유니폼,2026-01-07,2026-01-11,지급완료
EMP0198,장아영,총무팀,사원,2025,방한복,M,1,"75,000","75,000",신규입사,현대유니폼,2025-02-16,,미지급
EMP0111,안지석,물류팀,사원,2024,안전조끼,FREE,3,"18,000","54,000",신규입사,현대유니폼,2024-09-02,,미지급
EMP0322,안하은,연구개발팀,사원,2025,근무복 세트,2XL,3,"60,000","180,000",파손교체,(주)유니폼코리아,2025-07-06,2025-07-12,지급완료
EMP0411,김하은,총무팀,주임,2025,근무복 하의,2XL,3,"30,000","90,000",신규입사,현대유니폼,2025-02-04,2025-02-06,지급완료
EMP0396,김상우,생산1팀,차장,2023,안전조끼,L,1,"18,000","18,000",파손교체,삼성안전,2023-01-19,2023-01-30,지급완료
EMP0430,김민준,영업팀,대리,2023,방한복,L,1,"75,000","75,000",파손교체,대한안전용품,2023-06-13,2023-06-26,지급완료
EMP0122,김아영,총무팀,부장,2024,우비,FREE,1,"22,000","22,000",분실교체,삼성안전,2024-01-22,2024-02-04,지급완료
EMP0175,황태준,총무팀,팀장,2026,근무복 하의,M,3,"30,000","90,000",분실교체,현대유니폼,2026-03-23,2026-04-01,지급완료
EMP0451,황상우,물류팀,차장,2025,근무복 상의,XL,1,"35,000","35,000",신규입사,현대유니폼,2025-07-25,2025-08-01,지급완료
EMP0062,이지석,구매팀,부장,2025,방한복,L,3,"75,000","225,000",분실교체,현대유니폼,2025-04-04,2025-04-09,지급완료
EMP0126,장예린,생산3팀,주임,2025,근무복 세트,M,2,"60,000","120,000",추가지급,(주)워크웨어,2025-03-01,2025-03-08,지급완료
EMP0371,윤소희,총무팀,대리,2025,근무복 세트,S,2,"60,000","120,000",사이즈변경,(주)워크웨어,2025-10-13,,미지급
EMP0176,박민호,연구개발팀,과장,2023,근무복 세트,2XL,2,"60,000","120,000",분실교체,삼성안전,2023-03-28,,미지급
EMP0325,한혜린,설비유지팀,부장,2024,근무복 세트,2XL,2,"60,000","120,000",신규입사,(주)유니폼코리아,2024-07-14,2024-07-18,지급완료
EMP0121,윤예린,생산1팀,차장,2025,안전화,270,2,"55,000","110,000",파손교체,(주)워크웨어,2025-06-06,,미지급
EMP0130,안상우,구매팀,과장,2023,근무복 하의,M,3,"30,000","90,000",연간정기지급,대한안전용품,2023-01-02,,미지급
EMP0521,최보람,인사팀,주임,2024,방한복,XL,3,"75,000","225,000",신규입사,(주)유니폼코리아,2024-09-23,2024-09-30,지급완료
EMP0328,류수빈,인사팀,주임,2024,우비,FREE,2,"22,000","44,000",파손교체,삼성안전,2024-02-24,2024-03-05,지급완료
EMP0352,박지현,총무팀,사원,2025,우비,FREE,3,"22,000","66,000",분실교체,삼성안전,2025-05-26,2025-06-09,지급완료
EMP0278,장아영,생산2팀,부장,2026,근무복 상의,L,3,"35,000","105,000",추가지급,(주)워크웨어,2026-01-24,2026-01-26,지급완료
EMP0166,신지석,연구개발팀,과장,2023,안전조끼,L,3,"18,000","54,000",분실교체,(주)유니폼코리아,2023-11-12,,미지급
EMP0204,안재원,인사팀,차장,2024,안전조끼,L,1,"18,000","18,000",사이즈변경,삼성안전,2024-08-15,2024-08-25,지급완료
EMP0451,이지민,물류팀,부장,2023,근무복 상의,XL,3,"35,000","105,000",분실교체,(주)워크웨어,2023-12-24,2024-01-01,지급완료
EMP0508,전재원,설비유지팀,주임,2023,근무복 하의,S,1,"30,000","30,000",신규입사,(주)워크웨어,2023-08-03,2023-08-05,지급완료
EMP0402,류태영,물류팀,팀장,2025,방한복,M,1,"75,000","75,000",파손교체,대한안전용품,2025-11-14,2025-11-17,지급완료
EMP0140,안나연,재무팀,차장,2025,근무복 세트,XL,1,"60,000","60,000",신규입사,현대유니폼,2025-02-23,2025-03-06,지급완료
EMP0161,권지석,설비유지팀,사원,2025,근무복 세트,S,3,"60,000","180,000",추가지급,(주)워크웨어,2025-08-15,2025-08-17,지급완료
EMP0150,권동현,생산1팀,차장,2023,우비,FREE,2,"22,000","44,000",추가지급,현대유니폼,2023-12-15,2023-12-28,지급완료
EMP0035,조태준,연구개발팀,대리,2023,방한복,XL,1,"75,000","75,000",신규입사,(주)워크웨어,2023-06-25,2023-06-30,지급완료
EMP0136,박채원,연구개발팀,부장,2023,안전조끼,XL,2,"18,000","36,000",추가지급,현대유니폼,2023-12-19,2024-01-02,지급완료
EMP0495,신성호,생산2팀,차장,2024,안전조끼,FREE,3,"18,000","54,000",분실교체,삼성안전,2024-12-25,2025-01-04,지급완료
EMP0394,류나연,연구개발팀,대리,2024,안전화,280,3,"55,000","165,000",추가지급,현대유니폼,2024-03-21,2024-04-03,지급완료
EMP0376,오건우,생산2팀,사원,2025,근무복 상의,XL,3,"35,000","105,000",파손교체,대한안전용품,2025-11-14,2025-11-17,지급완료
EMP0032,장서연,연구개발팀,부장,2023,안전화,280,2,"55,000","110,000",사이즈변경,삼성안전,2023-01-23,2023-01-29,지급완료
EMP0540,오동현,영업팀,주임,2023,방한복,2XL,1,"75,000","75,000",신규입사,삼성안전,2023-07-11,2023-07-21,지급완료
EMP0462,정나연,연구개발팀,부장,2023,안전조끼,L,3,"18,000","54,000",추가지급,대한안전용품,2023-04-10,2023-04-12,지급완료
EMP0232,이건우,총무팀,팀장,2025,우비,FREE,2,"22,000","44,000",파손교체,현대유니폼,2025-01-06,2025-01-14,지급완료
EMP0421,장유진,구매팀,팀장,2025,우비,FREE,3,"22,000","66,000",신규입사,대한안전용품,2025-04-06,,미지급
EMP0479,신유진,생산1팀,대리,2024,우비,FREE,3,"22,000","66,000",연간정기지급,현대유니폼,2024-09-01,,미지급
EMP0420,김지민,영업팀,사원,2024,근무복 상의,S,1,"35,000","35,000",분실교체,삼성안전,2024-04-07,,미지급
EMP0467,한상우,연구개발팀,팀장,2023,우비,FREE,2,"22,000","44,000",사이즈변경,삼성안전,2023-02-13,2023-02-20,지급완료
EMP0031,정재원,물류팀,차장,2024,근무복 상의,L,3,"35,000","105,000",사이즈변경,삼성안전,2024-05-20,2024-05-21,지급완료
EMP0220,조보람,인사팀,대리,2024,우비,FREE,1,"22,000","22,000",신규입사,(주)유니폼코리아,2024-09-03,2024-09-15,지급완료
EMP0140,권유진,연구개발팀,대리,2024,안전조끼,XL,1,"18,000","18,000",사이즈변경,현대유니폼,2024-07-03,2024-07-14,지급완료
EMP0122,최지훈,품질관리팀,사원,2025,방한복,XL,2,"75,000","150,000",신규입사,(주)워크웨어,2025-11-07,2025-11-11,지급완료
EMP0077,황재원,구매팀,부장,2026,방한복,M,1,"75,000","75,000",연간정기지급,(주)워크웨어,2026-03-15,2026-03-16,지급완료
EMP0342,류지훈,총무팀,부장,2023,안전조끼,XL,3,"18,000","54,000",사이즈변경,(주)유니폼코리아,2023-01-17,2023-01-23,지급완료
EMP0372,이태준,구매팀,과장,2024,방한복,2XL,2,"75,000","150,000",신규입사,대한안전용품,2024-08-11,2024-08-24,지급완료
EMP0583,장미래,영업팀,대리,2023,근무복 세트,XL,1,"60,000","60,000",추가지급,대한안전용품,2023-08-06,2023-08-14,지급완료
EMP0460,강하은,총무팀,부장,2023,근무복 세트,2XL,1,"60,000","60,000",추가지급,(주)유니폼코리아,2023-11-02,2023-11-11,지급완료
EMP0271,신지석,영업팀,부장,2025,안전조끼,XL,2,"18,000","36,000",분실교체,삼성안전,2025-01-29,2025-02-08,지급완료
EMP0176,신현우,구매팀,부장,2023,우비,FREE,3,"22,000","66,000",신규입사,현대유니폼,2023-10-14,,미지급
EMP0269,조소희,설비유지팀,부장,2025,방한복,M,1,"75,000","75,000",분실교체,현대유니폼,2025-03-26,2025-04-06,지급완료
EMP0240,오승민,생산3팀,팀장,2023,방한복,L,1,"75,000","75,000",연간정기지급,(주)워크웨어,2023-04-26,2023-05-08,지급완료
EMP0278,임지현,생산3팀,차장,2025,안전화,280,2,"55,000","110,000",추가지급,현대유니폼,2025-02-14,2025-02-28,지급완료
EMP0218,서준혁,설비유지팀,사원,2023,안전조끼,FREE,1,"18,000","18,000",신규입사,(주)워크웨어,2023-07-05,,미지급
EMP0561,한재원,연구개발팀,부장,2025,근무복 세트,L,2,"60,000","120,000",신규입사,대한안전용품,2025-07-01,2025-07-03,지급완료
EMP0099,강성호,설비유지팀,차장,2025,안전조끼,L,3,"18,000","54,000",파손교체,현대유니폼,2025-08-23,2025-08-27,지급완료
EMP0324,오건우,물류팀,과장,2024,방한복,L,3,"75,000","225,000",파손교체,(주)워크웨어,2024-10-02,,미지급
EMP0272,박성호,구매팀,주임,2024,안전화,240,2,"55,000","110,000",연간정기지급,삼성안전,2024-12-30,,미지급
EMP0257,임현우,구매팀,사원,2025,안전조끼,FREE,1,"18,000","18,000",분실교체,삼성안전,2025-08-19,2025-09-02,지급완료
EMP0353,이재원,영업팀,차장,2024,근무복 하의,L,1,"30,000","30,000",연간정기지급,삼성안전,2024-06-20,2024-06-27,지급완료
EMP0172,김재원,생산1팀,과장,2023,방한복,M,1,"75,000","75,000",사이즈변경,현대유니폼,2023-03-27,2023-04-09,지급완료
EMP0529,권혜린,설비유지팀,과장,2025,방한복,L,3,"75,000","225,000",신규입사,삼성안전,2025-06-23,,미지급
EMP0014,최승민,재무팀,대리,2025,방한복,2XL,3,"75,000","225,000",신규입사,삼성안전,2025-04-09,,미지급
EMP0269,김지민,생산1팀,대리,2025,근무복 세트,M,1,"60,000","60,000",사이즈변경,(주)워크웨어,2025-05-23,2025-05-27,지급완료
EMP0123,안민호,품질관리팀,주임,2024,우비,FREE,3,"22,000","66,000",파손교체,대한안전용품,2024-06-16,2024-06-30,지급완료
EMP0352,정수빈,재무팀,부장,2025,근무복 상의,M,3,"35,000","105,000",사이즈변경,(주)워크웨어,2025-11-23,2025-12-02,지급완료
EMP0274,이재원,생산2팀,차장,2025,근무복 하의,XL,2,"30,000","60,000",신규입사,대한안전용품,2025-12-20,2026-01-01,지급완료
EMP0230,송민호,재무팀,부장,2025,우비,FREE,1,"22,000","22,000",분실교체,(주)워크웨어,2025-09-13,2025-09-18,지급완료
EMP0374,한성호,생산3팀,팀장,2024,안전화,270,1,"55,000","55,000",신규입사,(주)워크웨어,2024-10-16,2024-10-20,지급완료
EMP0339,이재원,물류팀,팀장,2025,우비,FREE,2,"22,000","44,000",파손교체,대한안전용품,2025-08-12,2025-08-18,지급완료
EMP0381,최상우,재무팀,차장,2025,근무복 하의,XL,2,"30,000","60,000",추가지급,삼성안전,2025-10-11,2025-10-19,지급완료
EMP0547,정미래,물류팀,부장,2026,안전화,250,1,"55,000","55,000",분실교체,현대유니폼,2026-04-25,2026-04-26,지급완료
EMP0545,서성호,설비유지팀,주임,2026,안전조끼,FREE,2,"18,000","36,000",추가지급,대한안전용품,2026-03-30,,미지급
EMP0359,김태영,총무팀,팀장,2023,안전화,275,3,"55,000","165,000",파손교체,(주)워크웨어,2023-11-12,2023-11-15,지급완료
EMP0269,윤상우,생산1팀,차장,2025,우비,FREE,3,"22,000","66,000",분실교체,(주)워크웨어,2025-11-23,2025-12-01,지급완료
EMP0315,안보람,생산3팀,팀장,2023,안전조끼,XL,2,"18,000","36,000",추가지급,삼성안전,2023-01-27,2023-01-28,지급완료
EMP0330,김상우,물류팀,부장,2024,방한복,L,3,"75,000","225,000",추가지급,현대유니폼,2024-09-07,2024-09-10,지급완료
EMP0485,강소희,생산2팀,대리,2025,안전화,260,2,"55,000","110,000",연간정기지급,(주)유니폼코리아,2025-03-12,2025-03-20,지급완료
EMP0368,권미래,생산1팀,사원,2024,안전조끼,XL,1,"18,000","18,000",연간정기지급,대한안전용품,2024-09-05,2024-09-12,지급완료
EMP0194,이지훈,구매팀,사원,2023,우비,FREE,1,"22,000","22,000",연간정기지급,삼성안전,2023-05-01,2023-05-10,지급완료
EMP0373,오상우,생산2팀,대리,2026,근무복 하의,L,2,"30,000","60,000",파손교체,삼성안전,2026-02-05,2026-02-15,지급완료
EMP0486,이민준,연구개발팀,주임,2023,방한복,L,1,"75,000","75,000",분실교체,현대유니폼,2023-06-14,2023-06-20,지급완료
EMP0411,송예린,연구개발팀,과장,2023,근무복 세트,M,2,"60,000","120,000",연간정기지급,(주)유니폼코리아,2023-04-01,2023-04-08,지급완료
EMP0271,황지석,재무팀,팀장,2024,근무복 상의,XL,1,"35,000","35,000",추가지급,현대유니폼,2024-09-24,,미지급
EMP0109,송민준,총무팀,차장,2023,근무복 세트,L,2,"60,000","120,000",분실교체,삼성안전,2023-02-08,2023-02-10,지급완료
EMP0478,임소희,품질관리팀,과장,2025,우비,FREE,1,"22,000","22,000",추가지급,현대유니폼,2025-07-10,2025-07-22,지급완료
EMP0308,최서연,재무팀,팀장,2025,우비,FREE,1,"22,000","22,000",연간정기지급,(주)유니폼코리아,2025-03-12,,미지급
EMP0008,오성호,재무팀,팀장,2023,근무복 상의,S,1,"35,000","35,000",추가지급,(주)워크웨어,2023-10-20,,미지급
EMP0377,류아영,설비유지팀,과장,2023,근무복 하의,2XL,2,"30,000","60,000",연간정기지급,대한안전용품,2023-07-24,2023-07-31,지급완료
EMP0583,김혜린,물류팀,사원,2024,안전화,280,2,"55,000","110,000",파손교체,삼성안전,2024-05-11,2024-05-18,지급완료
EMP0139,강민준,생산1팀,주임,2026,근무복 하의,XL,3,"30,000","90,000",신규입사,대한안전용품,2026-05-09,,미지급
EMP0219,김현우,생산3팀,부장,2025,근무복 세트,M,1,"60,000","60,000",연간정기지급,(주)워크웨어,2025-10-25,,미지급
EMP0543,윤지현,연구개발팀,과장,2025,근무복 상의,2XL,3,"35,000","105,000",추가지급,(주)워크웨어,2025-11-30,2025-12-14,지급완료
EMP0559,조예린,설비유지팀,대리,2026,근무복 하의,S,1,"30,000","30,000",파손교체,(주)워크웨어,2026-02-02,2026-02-13,지급완료
EMP0400,황현우,영업팀,대리,2025,방한복,2XL,3,"75,000","225,000",추가지급,대한안전용품,2025-08-17,,미지급
EMP0033,신보람,생산3팀,주임,2023,근무복 세트,M,2,"60,000","120,000",신규입사,(주)워크웨어,2023-03-26,2023-04-06,지급완료
EMP0293,최소희,인사팀,부장,2025,방한복,L,2,"75,000","150,000",신규입사,현대유니폼,2025-09-04,2025-09-12,지급완료
EMP0219,임현우,총무팀,과장,2026,근무복 하의,2XL,2,"30,000","60,000",분실교체,(주)워크웨어,2026-02-11,,미지급
EMP0371,한성호,영업팀,차장,2025,근무복 하의,L,3,"30,000","90,000",파손교체,(주)워크웨어,2025-04-21,2025-05-03,지급완료
EMP0127,박나연,영업팀,과장,2024,안전화,240,2,"55,000","110,000",추가지급,대한안전용품,2024-03-02,2024-03-03,지급완료
EMP0010,황지현,인사팀,대리,2024,안전화,250,1,"55,000","55,000",신규입사,대한안전용품,2024-05-11,2024-05-12,지급완료
EMP0491,한수빈,생산2팀,부장,2023,근무복 세트,S,3,"60,000","180,000",파손교체,(주)워크웨어,2023-12-22,2024-01-05,지급완료
EMP0453,오미래,설비유지팀,사원,2025,안전화,245,3,"55,000","165,000",추가지급,현대유니폼,2025-12-01,2025-12-14,지급완료
EMP0335,서준혁,생산3팀,과장,2025,근무복 하의,S,2,"30,000","60,000",파손교체,현대유니폼,2025-10-13,2025-10-22,지급완료
EMP0457,장소희,물류팀,과장,2024,근무복 세트,L,3,"60,000","180,000",사이즈변경,대한안전용품,2024-05-12,2024-05-24,지급완료
EMP0212,권승민,설비유지팀,주임,2024,근무복 하의,2XL,3,"30,000","90,000",연간정기지급,(주)유니폼코리아,2024-07-30,2024-08-06,지급완료
EMP0105,오하은,생산2팀,부장,2026,근무복 세트,S,1,"60,000","60,000",신규입사,현대유니폼,2026-04-22,,미지급
EMP0143,윤민준,생산1팀,주임,2023,근무복 하의,XL,1,"30,000","30,000",파손교체,현대유니폼,2023-09-11,2023-09-18,지급완료
EMP0500,송유진,생산2팀,주임,2023,근무복 하의,XL,2,"30,000","60,000",파손교체,대한안전용품,2023-02-25,2023-02-28,지급완료
EMP0265,황혜린,구매팀,차장,2025,안전조끼,FREE,2,"18,000","36,000",사이즈변경,삼성안전,2025-06-13,2025-06-23,지급완료
EMP0224,오현우,설비유지팀,차장,2024,근무복 세트,L,2,"60,000","120,000",사이즈변경,대한안전용품,2024-04-24,,미지급
EMP0092,장건우,생산1팀,대리,2025,근무복 세트,M,2,"60,000","120,000",연간정기지급,(주)워크웨어,2025-10-16,2025-10-20,지급완료
EMP0132,박혜린,물류팀,팀장,2023,안전조끼,FREE,2,"18,000","36,000",연간정기지급,삼성안전,2023-01-23,2023-01-26,지급완료
EMP0176,전동현,품질관리팀,주임,2026,근무복 세트,M,2,"60,000","120,000",파손교체,(주)워크웨어,2026-01-19,2026-02-02,지급완료
EMP0584,조동현,물류팀,과장,2023,안전화,280,2,"55,000","110,000",신규입사,삼성안전,2023-07-23,2023-08-04,지급완료
EMP0389,조도윤,연구개발팀,부장,2025,근무복 세트,M,1,"60,000","60,000",파손교체,대한안전용품,2025-02-13,2025-02-23,지급완료
EMP0091,오아영,설비유지팀,대리,2025,근무복 하의,XL,1,"30,000","30,000",사이즈변경,대한안전용품,2025-01-28,2025-02-04,지급완료
EMP0052,장예린,인사팀,부장,2023,우비,FREE,3,"22,000","66,000",연간정기지급,대한안전용품,2023-09-20,2023-09-24,지급완료
EMP0246,장아영,생산2팀,부장,2024,안전조끼,XL,2,"18,000","36,000",신규입사,삼성안전,2024-07-15,,미지급
EMP0465,류승민,연구개발팀,사원,2023,방한복,XL,2,"75,000","150,000",연간정기지급,대한안전용품,2023-07-18,2023-07-23,지급완료
EMP0103,한태준,인사팀,과장,2023,근무복 상의,L,1,"35,000","35,000",연간정기지급,대한안전용품,2023-10-10,2023-10-23,지급완료
EMP0179,박지석,품질관리팀,팀장,2024,방한복,M,2,"75,000","150,000",파손교체,대한안전용품,2024-10-13,2024-10-16,지급완료
EMP0117,임나연,생산3팀,사원,2025,근무복 상의,M,3,"35,000","105,000",신규입사,(주)워크웨어,2025-05-16,2025-05-20,지급완료
EMP0359,한지훈,물류팀,대리,2023,근무복 세트,S,1,"60,000","60,000",파손교체,(주)유니폼코리아,2023-11-27,,미지급
EMP0118,조지민,생산3팀,대리,2023,안전화,240,1,"55,000","55,000",연간정기지급,현대유니폼,2023-10-07,2023-10-16,지급완료
EMP0345,조재원,재무팀,대리,2025,근무복 상의,M,3,"35,000","105,000",파손교체,현대유니폼,2025-11-15,,미지급
EMP0592,조준혁,생산3팀,대리,2024,근무복 세트,2XL,2,"60,000","120,000",사이즈변경,현대유니폼,2024-10-30,2024-11-06,지급완료
EMP0335,서민호,구매팀,팀장,2023,안전조끼,XL,1,"18,000","18,000",추가지급,삼성안전,2023-01-20,2023-01-25,지급완료
EMP0297,임수아,생산3팀,대리,2025,근무복 상의,M,2,"35,000","70,000",분실교체,(주)워크웨어,2025-01-07,2025-01-15,지급완료
EMP0555,강예린,생산2팀,대리,2024,방한복,M,1,"75,000","75,000",사이즈변경,현대유니폼,2024-01-01,,미지급
EMP0469,강건우,인사팀,주임,2024,근무복 하의,2XL,2,"30,000","60,000",신규입사,대한안전용품,2024-09-03,2024-09-16,지급완료
EMP0278,송재원,구매팀,차장,2024,우비,FREE,3,"22,000","66,000",추가지급,삼성안전,2024-09-30,,미지급
EMP0057,류건우,연구개발팀,팀장,2024,근무복 세트,2XL,3,"60,000","180,000",사이즈변경,삼성안전,2024-04-28,2024-05-10,지급완료
EMP0566,조지민,영업팀,차장,2026,근무복 상의,L,2,"35,000","70,000",연간정기지급,대한안전용품,2026-01-03,,미지급
EMP0077,강아영,설비유지팀,대리,2025,우비,FREE,2,"22,000","44,000",신규입사,대한안전용품,2025-04-25,2025-05-07,지급완료
EMP0396,최혜린,총무팀,주임,2025,근무복 상의,S,3,"35,000","105,000",파손교체,(주)워크웨어,2025-07-10,2025-07-23,지급완료
EMP0132,정건우,영업팀,부장,2024,근무복 세트,2XL,2,"60,000","120,000",파손교체,(주)유니폼코리아,2024-06-27,,미지급
EMP0296,김상우,물류팀,차장,2024,우비,FREE,3,"22,000","66,000",파손교체,현대유니폼,2024-07-07,2024-07-16,지급완료
EMP0200,장상우,물류팀,팀장,2024,우비,FREE,2,"22,000","44,000",파손교체,현대유니폼,2024-12-13,2024-12-14,지급완료
EMP0395,최미래,연구개발팀,주임,2024,근무복 상의,L,3,"35,000","105,000",추가지급,(주)유니폼코리아,2024-08-15,2024-08-21,지급완료
EMP0478,임준혁,물류팀,과장,2026,안전조끼,L,2,"18,000","36,000",추가지급,(주)워크웨어,2026-05-06,2026-05-15,지급완료
EMP0018,장태영,영업팀,차장,2024,우비,FREE,1,"22,000","22,000",사이즈변경,삼성안전,2024-02-11,2024-02-14,지급완료
EMP0211,신수아,구매팀,대리,2023,안전조끼,L,3,"18,000","54,000",연간정기지급,(주)워크웨어,2023-05-22,2023-05-25,지급완료
EMP0364,안미래,구매팀,차장,2023,근무복 하의,S,2,"30,000","60,000",신규입사,현대유니폼,2023-11-19,2023-11-25,지급완료
EMP0228,한민준,생산3팀,사원,2026,근무복 상의,S,2,"35,000","70,000",파손교체,(주)워크웨어,2026-03-14,,미지급
EMP0210,황태영,구매팀,사원,2023,우비,FREE,3,"22,000","66,000",파손교체,(주)워크웨어,2023-11-18,2023-11-20,지급완료
EMP0410,오상우,인사팀,주임,2023,근무복 하의,S,1,"30,000","30,000",사이즈변경,삼성안전,2023-07-08,2023-07-14,지급완료
EMP0286,한현우,생산3팀,팀장,2026,안전화,245,3,"55,000","165,000",파손교체,삼성안전,2026-01-28,2026-02-09,지급완료
EMP0600,장수빈,생산1팀,부장,2025,근무복 세트,M,3,"60,000","180,000",추가지급,삼성안전,2025-12-20,2025-12-21,지급완료
EMP0446,강민준,생산2팀,대리,2026,근무복 하의,2XL,1,"30,000","30,000",연간정기지급,(주)워크웨어,2026-03-17,2026-03-28,지급완료
EMP0185,조혜린,인사팀,대리,2025,근무복 상의,S,3,"35,000","105,000",추가지급,(주)워크웨어,2025-09-19,2025-09-27,지급완료
EMP0231,조보람,연구개발팀,부장,2023,방한복,M,1,"75,000","75,000",파손교체,(주)유니폼코리아,2023-07-08,,미지급
EMP0089,신재원,영업팀,과장,2023,근무복 상의,M,2,"35,000","70,000",파손교체,(주)워크웨어,2023-08-04,2023-08-14,지급완료
EMP0149,정태영,생산3팀,대리,2026,근무복 상의,2XL,2,"35,000","70,000",분실교체,(주)유니폼코리아,2026-01-06,2026-01-08,지급완료
EMP0375,윤동현,품질관리팀,대리,2025,근무복 상의,S,1,"35,000","35,000",추가지급,(주)유니폼코리아,2025-05-27,,미지급
EMP0087,권미래,연구개발팀,주임,2024,안전조끼,L,2,"18,000","36,000",연간정기지급,삼성안전,2024-02-16,2024-02-21,지급완료
EMP0224,강민준,생산1팀,주임,2024,우비,FREE,3,"22,000","66,000",분실교체,(주)유니폼코리아,2024-06-03,2024-06-12,지급완료
EMP0319,이아영,재무팀,차장,2025,근무복 세트,M,3,"60,000","180,000",분실교체,현대유니폼,2025-11-22,2025-12-04,지급완료
EMP0580,조유진,생산1팀,대리,2026,근무복 하의,XL,3,"30,000","90,000",분실교체,현대유니폼,2026-04-01,2026-04-11,지급완료
EMP0373,전소희,설비유지팀,차장,2023,안전화,265,3,"55,000","165,000",파손교체,(주)유니폼코리아,2023-10-04,,미지급
EMP0506,장동현,품질관리팀,차장,2025,방한복,L,2,"75,000","150,000",연간정기지급,대한안전용품,2025-12-02,2025-12-15,지급완료
EMP0017,장수빈,물류팀,부장,2025,근무복 하의,S,2,"30,000","60,000",분실교체,대한안전용품,2025-12-28,2025-12-30,지급완료
EMP0561,권유진,품질관리팀,주임,2025,우비,FREE,2,"22,000","44,000",분실교체,(주)워크웨어,2025-04-21,2025-05-01,지급완료
EMP0280,오동현,생산3팀,주임,2023,방한복,XL,3,"75,000","225,000",추가지급,삼성안전,2023-12-24,,미지급
EMP0176,강수아,품질관리팀,과장,2025,근무복 하의,L,3,"30,000","90,000",연간정기지급,(주)유니폼코리아,2025-05-30,,미지급
EMP0362,최민호,생산1팀,주임,2023,근무복 하의,M,2,"30,000","60,000",파손교체,대한안전용품,2023-07-02,2023-07-07,지급완료
EMP0296,윤승민,생산3팀,부장,2023,근무복 세트,M,3,"60,000","180,000",파손교체,(주)유니폼코리아,2023-08-28,2023-09-07,지급완료
EMP0569,안수아,물류팀,사원,2025,방한복,XL,3,"75,000","225,000",파손교체,(주)유니폼코리아,2025-10-31,2025-11-07,지급완료
EMP0231,오건우,생산2팀,부장,2026,방한복,L,3,"75,000","225,000",사이즈변경,삼성안전,2026-04-10,2026-04-18,지급완료
EMP0471,오태준,품질관리팀,부장,2024,우비,FREE,1,"22,000","22,000",사이즈변경,(주)워크웨어,2024-03-12,2024-03-20,지급완료
EMP0133,한상우,품질관리팀,차장,2025,안전화,255,2,"55,000","110,000",분실교체,(주)워크웨어,2025-05-14,2025-05-16,지급완료
EMP0565,조나연,생산1팀,팀장,2025,방한복,2XL,1,"75,000","75,000",사이즈변경,대한안전용품,2025-04-15,2025-04-21,지급완료
EMP0330,권유진,설비유지팀,주임,2025,방한복,L,2,"75,000","150,000",연간정기지급,(주)워크웨어,2025-02-02,,미지급
EMP0022,최민호,품질관리팀,부장,2026,근무복 세트,2XL,2,"60,000","120,000",파손교체,삼성안전,2026-01-23,2026-02-02,지급완료
EMP0537,최도윤,구매팀,대리,2025,방한복,2XL,1,"75,000","75,000",파손교체,삼성안전,2025-12-13,2025-12-15,지급완료
EMP0526,박혜린,물류팀,사원,2024,근무복 세트,L,1,"60,000","60,000",분실교체,(주)워크웨어,2024-10-27,2024-11-04,지급완료
EMP0256,전서연,재무팀,차장,2025,근무복 상의,M,2,"35,000","70,000",신규입사,삼성안전,2025-01-03,2025-01-16,지급완료
EMP0512,정태영,인사팀,차장,2024,근무복 하의,XL,2,"30,000","60,000",신규입사,대한안전용품,2024-04-29,2024-05-08,지급완료
EMP0341,장민준,연구개발팀,팀장,2024,근무복 세트,L,3,"60,000","180,000",파손교체,(주)워크웨어,2024-12-07,2024-12-21,지급완료
EMP0133,류태영,물류팀,사원,2025,방한복,XL,3,"75,000","225,000",신규입사,(주)워크웨어,2025-11-26,2025-12-10,지급완료
EMP0098,장현우,총무팀,부장,2025,우비,FREE,2,"22,000","44,000",파손교체,(주)워크웨어,2025-07-29,2025-08-06,지급완료
EMP0200,황성호,총무팀,부장,2025,방한복,2XL,1,"75,000","75,000",파손교체,(주)유니폼코리아,2025-02-11,2025-02-24,지급완료
EMP0041,최건우,영업팀,부장,2024,우비,FREE,1,"22,000","22,000",추가지급,대한안전용품,2024-08-06,2024-08-11,지급완료
EMP0090,강소희,영업팀,대리,2024,근무복 세트,L,2,"60,000","120,000",사이즈변경,(주)워크웨어,2024-07-24,2024-08-07,지급완료
EMP0068,권성호,재무팀,주임,2023,안전화,280,3,"55,000","165,000",파손교체,(주)워크웨어,2023-06-21,2023-07-03,지급완료
EMP0263,최건우,생산2팀,팀장,2023,방한복,XL,3,"75,000","225,000",추가지급,현대유니폼,2023-05-03,2023-05-04,지급완료
EMP0332,황승민,재무팀,팀장,2024,근무복 세트,L,1,"60,000","60,000",사이즈변경,삼성안전,2024-12-19,2024-12-23,지급완료
EMP0130,신건우,영업팀,과장,2024,근무복 하의,M,1,"30,000","30,000",파손교체,현대유니폼,2024-10-11,2024-10-25,지급완료
EMP0125,안민호,물류팀,주임,2023,근무복 세트,M,3,"60,000","180,000",파손교체,(주)유니폼코리아,2023-03-20,,미지급
EMP0279,임아영,영업팀,사원,2025,근무복 하의,XL,2,"30,000","60,000",사이즈변경,(주)워크웨어,2025-12-23,2025-12-24,지급완료
EMP0477,전채원,생산1팀,부장,2023,방한복,L,3,"75,000","225,000",분실교체,(주)워크웨어,2023-06-05,,미지급
EMP0004,안채원,구매팀,사원,2024,우비,FREE,3,"22,000","66,000",추가지급,현대유니폼,2024-04-09,2024-04-11,지급완료
EMP0148,조지현,생산3팀,과장,2026,안전조끼,XL,1,"18,000","18,000",추가지급,(주)워크웨어,2026-05-30,2026-06-10,지급완료
EMP0456,황태영,생산3팀,과장,2024,방한복,2XL,1,"75,000","75,000",연간정기지급,(주)워크웨어,2024-01-16,2024-01-21,지급완료
EMP0376,황승민,생산2팀,팀장,2026,근무복 상의,S,1,"35,000","35,000",추가지급,삼성안전,2026-03-11,2026-03-14,지급완료
EMP0237,최동현,총무팀,주임,2025,근무복 세트,M,1,"60,000","60,000",신규입사,(주)유니폼코리아,2025-09-20,2025-09-27,지급완료
EMP0350,최재원,품질관리팀,주임,2024,안전조끼,FREE,2,"18,000","36,000",연간정기지급,(주)유니폼코리아,2024-05-17,2024-05-29,지급완료
EMP0152,전성호,총무팀,과장,2026,방한복,XL,2,"75,000","150,000",분실교체,삼성안전,2026-04-29,2026-05-04,지급완료
EMP0479,임예린,구매팀,부장,2024,안전조끼,L,2,"18,000","36,000",신규입사,(주)워크웨어,2024-05-08,,미지급
EMP0526,장동현,설비유지팀,부장,2023,근무복 하의,L,1,"30,000","30,000",연간정기지급,(주)유니폼코리아,2023-02-27,2023-03-02,지급완료
EMP0285,안태영,품질관리팀,주임,2024,안전조끼,L,2,"18,000","36,000",사이즈변경,(주)유니폼코리아,2024-01-06,2024-01-18,지급완료
EMP0393,장민준,인사팀,과장,2024,방한복,XL,1,"75,000","75,000",사이즈변경,(주)유니폼코리아,2024-12-16,2024-12-22,지급완료
EMP0587,박재원,재무팀,대리,2025,근무복 하의,S,2,"30,000","60,000",사이즈변경,대한안전용품,2025-03-21,2025-03-25,지급완료
EMP0440,조소희,생산3팀,팀장,2023,안전조끼,XL,1,"18,000","18,000",추가지급,현대유니폼,2023-07-27,2023-07-28,지급완료
EMP0018,황재원,총무팀,대리,2024,근무복 상의,L,2,"35,000","70,000",파손교체,대한안전용품,2024-09-13,,미지급
EMP0133,김민호,재무팀,사원,2025,근무복 세트,S,3,"60,000","180,000",연간정기지급,삼성안전,2025-02-27,2025-03-13,지급완료
EMP0238,류지훈,생산2팀,대리,2023,근무복 세트,L,2,"60,000","120,000",연간정기지급,(주)워크웨어,2023-06-24,,미지급
EMP0346,전준혁,구매팀,차장,2025,우비,FREE,3,"22,000","66,000",파손교체,현대유니폼,2025-04-04,2025-04-17,지급완료
EMP0463,최재원,총무팀,차장,2026,우비,FREE,1,"22,000","22,000",연간정기지급,삼성안전,2026-01-07,,미지급
EMP0144,안승민,재무팀,사원,2025,안전조끼,L,3,"18,000","54,000",파손교체,삼성안전,2025-04-08,2025-04-12,지급완료
EMP0244,류건우,설비유지팀,차장,2024,안전조끼,FREE,3,"18,000","54,000",사이즈변경,현대유니폼,2024-06-14,2024-06-17,지급완료
EMP0211,신나연,품질관리팀,팀장,2025,근무복 세트,M,3,"60,000","180,000",신규입사,(주)유니폼코리아,2025-12-02,2025-12-03,지급완료
EMP0472,안수빈,설비유지팀,주임,2024,안전화,250,1,"55,000","55,000",파손교체,삼성안전,2024-08-13,2024-08-22,지급완료
EMP0550,박건우,재무팀,팀장,2026,근무복 상의,M,1,"35,000","35,000",사이즈변경,현대유니폼,2026-03-20,2026-03-27,지급완료
EMP0583,전승민,생산2팀,대리,2023,근무복 하의,M,3,"30,000","90,000",파손교체,(주)워크웨어,2023-08-25,2023-09-08,지급완료
EMP0547,강하은,재무팀,대리,2026,근무복 상의,XL,2,"35,000","70,000",추가지급,(주)유니폼코리아,2026-01-28,2026-02-07,지급완료
EMP0552,이동현,물류팀,부장,2025,우비,FREE,1,"22,000","22,000",연간정기지급,(주)유니폼코리아,2025-08-27,2025-08-28,지급완료
EMP0214,임건우,설비유지팀,부장,2024,안전조끼,XL,3,"18,000","54,000",연간정기지급,(주)유니폼코리아,2024-10-24,2024-10-25,지급완료
EMP0083,전미래,재무팀,차장,2024,안전조끼,L,2,"18,000","36,000",사이즈변경,대한안전용품,2024-04-27,2024-05-03,지급완료
EMP0599,권하은,재무팀,부장,2025,근무복 하의,2XL,1,"30,000","30,000",신규입사,삼성안전,2025-01-18,2025-02-01,지급완료
EMP0095,정태영,영업팀,팀장,2023,근무복 세트,XL,1,"60,000","60,000",연간정기지급,대한안전용품,2023-02-25,,미지급
EMP0138,박준혁,생산1팀,과장,2024,우비,FREE,3,"22,000","66,000",연간정기지급,대한안전용품,2024-08-08,2024-08-14,지급완료
EMP0445,조상우,물류팀,팀장,2024,근무복 하의,S,2,"30,000","60,000",신규입사,(주)워크웨어,2024-12-16,2024-12-20,지급완료
EMP0397,이아영,재무팀,대리,2023,근무복 세트,XL,1,"60,000","60,000",신규입사,삼성안전,2023-12-30,2024-01-07,지급완료
EMP0508,임성호,생산1팀,부장,2024,근무복 세트,M,3,"60,000","180,000",연간정기지급,(주)유니폼코리아,2024-09-27,2024-10-01,지급완료
EMP0267,신준혁,생산2팀,주임,2025,근무복 하의,L,3,"30,000","90,000",연간정기지급,(주)워크웨어,2025-11-06,2025-11-11,지급완료
EMP0019,오소희,물류팀,부장,2023,근무복 하의,XL,3,"30,000","90,000",파손교체,(주)워크웨어,2023-05-05,2023-05-18,지급완료
EMP0563,오예린,생산1팀,주임,2024,안전조끼,XL,2,"18,000","36,000",분실교체,현대유니폼,2024-02-09,2024-02-19,지급완료
EMP0512,신유진,물류팀,부장,2025,안전화,240,2,"55,000","110,000",추가지급,(주)워크웨어,2025-07-27,2025-08-02,지급완료
EMP0165,안지현,인사팀,팀장,2024,안전조끼,L,3,"18,000","54,000",연간정기지급,삼성안전,2024-01-24,2024-02-05,지급완료
EMP0022,김민호,설비유지팀,과장,2026,안전조끼,XL,3,"18,000","54,000",추가지급,현대유니폼,2026-02-16,2026-03-02,지급완료
EMP0280,한수빈,품질관리팀,대리,2025,방한복,L,1,"75,000","75,000",파손교체,삼성안전,2025-06-11,2025-06-15,지급완료
EMP0521,권예린,생산3팀,팀장,2023,우비,FREE,3,"22,000","66,000",연간정기지급,삼성안전,2023-02-12,2023-02-22,지급완료
EMP0440,권수아,총무팀,사원,2025,근무복 상의,S,3,"35,000","105,000",추가지급,삼성안전,2025-03-13,2025-03-23,지급완료
EMP0238,강성호,구매팀,과장,2023,근무복 세트,S,1,"60,000","60,000",신규입사,삼성안전,2023-01-24,2023-01-30,지급완료
EMP0352,신수빈,구매팀,팀장,2026,근무복 하의,XL,2,"30,000","60,000",추가지급,(주)워크웨어,2026-04-07,2026-04-21,지급완료
EMP0477,윤준혁,생산3팀,대리,2023,근무복 하의,M,2,"30,000","60,000",분실교체,삼성안전,2023-01-27,2023-02-10,지급완료
EMP0368,최민준,인사팀,팀장,2023,근무복 상의,L,3,"35,000","105,000",신규입사,대한안전용품,2023-11-10,2023-11-13,지급완료
EMP0488,정지민,총무팀,과장,2024,안전화,270,2,"55,000","110,000",추가지급,현대유니폼,2024-07-14,,미지급
EMP0499,권보람,구매팀,차장,2023,근무복 세트,XL,1,"60,000","60,000",파손교체,대한안전용품,2023-03-28,2023-04-04,지급완료
EMP0509,윤하은,물류팀,사원,2023,근무복 상의,2XL,3,"35,000","105,000",신규입사,대한안전용품,2023-08-08,,미지급
EMP0057,장수아,총무팀,차장,2023,방한복,XL,3,"75,000","225,000",연간정기지급,삼성안전,2023-07-17,2023-07-22,지급완료
EMP0287,오건우,인사팀,과장,2025,안전화,265,3,"55,000","165,000",추가지급,(주)워크웨어,2025-07-27,2025-08-07,지급완료
EMP0079,송수빈,영업팀,부장,2024,안전조끼,FREE,2,"18,000","36,000",파손교체,(주)워크웨어,2024-07-11,2024-07-12,지급완료
EMP0470,한성호,구매팀,과장,2024,안전조끼,L,2,"18,000","36,000",사이즈변경,(주)워크웨어,2024-03-31,2024-04-10,지급완료
EMP0072,김성호,총무팀,팀장,2023,근무복 하의,M,3,"30,000","90,000",추가지급,현대유니폼,2023-06-03,2023-06-07,지급완료
EMP0199,신준혁,인사팀,과장,2024,근무복 세트,2XL,2,"60,000","120,000",사이즈변경,대한안전용품,2024-05-04,2024-05-18,지급완료
EMP0280,장성호,생산1팀,차장,2023,방한복,XL,3,"75,000","225,000",연간정기지급,삼성안전,2023-05-13,2023-05-20,지급완료
EMP0048,안승민,생산3팀,주임,2026,안전조끼,L,3,"18,000","54,000",분실교체,삼성안전,2026-01-26,2026-02-07,지급완료
EMP0068,전준혁,재무팀,차장,2023,방한복,XL,3,"75,000","225,000",신규입사,현대유니폼,2023-07-02,2023-07-08,지급완료
EMP0285,서미래,물류팀,대리,2023,근무복 상의,L,3,"35,000","105,000",파손교체,(주)워크웨어,2023-07-15,,미지급
EMP0510,안유진,연구개발팀,대리,2023,우비,FREE,2,"22,000","44,000",연간정기지급,삼성안전,2023-05-29,,미지급
EMP0532,황지민,구매팀,사원,2024,근무복 세트,M,1,"60,000","60,000",연간정기지급,현대유니폼,2024-04-03,2024-04-08,지급완료
EMP0175,강하은,총무팀,팀장,2025,우비,FREE,1,"22,000","22,000",신규입사,현대유니폼,2025-08-25,2025-09-06,지급완료
EMP0463,박하은,생산2팀,차장,2023,안전화,255,3,"55,000","165,000",파손교체,삼성안전,2023-06-22,,미지급
EMP0199,전하은,생산1팀,팀장,2024,근무복 하의,2XL,3,"30,000","90,000",파손교체,현대유니폼,2024-05-23,,미지급
EMP0154,류상우,생산1팀,주임,2025,우비,FREE,3,"22,000","66,000",추가지급,(주)워크웨어,2025-12-06,2025-12-16,지급완료
EMP0525,류지민,생산2팀,과장,2024,근무복 하의,2XL,2,"30,000","60,000",신규입사,대한안전용품,2024-11-20,2024-12-04,지급완료
EMP0186,송수아,생산1팀,부장,2026,근무복 세트,XL,1,"60,000","60,000",신규입사,현대유니폼,2026-02-20,2026-03-03,지급완료
EMP0359,한소희,인사팀,과장,2023,방한복,L,2,"75,000","150,000",연간정기지급,현대유니폼,2023-04-19,2023-05-01,지급완료
EMP0568,이상우,생산2팀,부장,2024,안전화,255,1,"55,000","55,000",분실교체,대한안전용품,2024-03-01,2024-03-05,지급완료
EMP0347,임준혁,설비유지팀,주임,2025,근무복 세트,L,3,"60,000","180,000",신규입사,현대유니폼,2025-11-30,2025-12-02,지급완료
EMP0060,류지훈,재무팀,과장,2026,근무복 하의,2XL,2,"30,000","60,000",파손교체,삼성안전,2026-05-24,,미지급
EMP0451,신혜린,설비유지팀,차장,2023,안전화,280,3,"55,000","165,000",파손교체,현대유니폼,2023-12-25,2024-01-01,지급완료
EMP0557,서승민,품질관리팀,부장,2026,근무복 세트,M,3,"60,000","180,000",추가지급,(주)유니폼코리아,2026-04-03,2026-04-16,지급완료
EMP0580,신승민,재무팀,부장,2024,안전조끼,XL,1,"18,000","18,000",분실교체,(주)유니폼코리아,2024-05-19,2024-05-22,지급완료
EMP0388,황소희,설비유지팀,팀장,2023,방한복,XL,2,"75,000","150,000",연간정기지급,(주)유니폼코리아,2023-08-19,2023-08-26,지급완료
EMP0571,정태준,생산1팀,과장,2024,근무복 세트,M,3,"60,000","180,000",추가지급,삼성안전,2024-11-05,2024-11-13,지급완료
EMP0074,윤지현,영업팀,과장,2025,우비,FREE,2,"22,000","44,000",추가지급,(주)유니폼코리아,2025-01-17,,미지급
EMP0045,송미래,인사팀,사원,2025,안전화,280,2,"55,000","110,000",파손교체,대한안전용품,2025-10-25,2025-11-04,지급완료
EMP0372,신지석,생산1팀,차장,2024,안전화,240,1,"55,000","55,000",분실교체,(주)유니폼코리아,2024-05-04,2024-05-09,지급완료
EMP0324,황지훈,재무팀,팀장,2025,우비,FREE,2,"22,000","44,000",분실교체,삼성안전,2025-04-03,,미지급
EMP0420,전도윤,영업팀,사원,2023,우비,FREE,2,"22,000","44,000",연간정기지급,대한안전용품,2023-11-04,2023-11-14,지급완료
EMP0234,권건우,설비유지팀,과장,2024,근무복 하의,XL,1,"30,000","30,000",파손교체,(주)유니폼코리아,2024-08-22,2024-08-29,지급완료
EMP0465,황나연,영업팀,대리,2025,근무복 하의,M,2,"30,000","60,000",분실교체,(주)워크웨어,2025-04-10,,미지급
EMP0184,한태영,물류팀,부장,2024,근무복 세트,S,2,"60,000","120,000",사이즈변경,(주)워크웨어,2024-07-18,2024-07-24,지급완료
EMP0254,강지석,인사팀,과장,2025,우비,FREE,3,"22,000","66,000",추가지급,(주)워크웨어,2025-08-02,2025-08-08,지급완료
EMP0015,조현우,구매팀,주임,2023,안전화,240,3,"55,000","165,000",추가지급,(주)워크웨어,2023-01-22,,미지급
EMP0330,신채원,설비유지팀,사원,2023,안전화,265,1,"55,000","55,000",분실교체,현대유니폼,2023-03-11,2023-03-24,지급완료
EMP0289,권혜린,생산3팀,대리,2023,근무복 하의,M,3,"30,000","90,000",추가지급,현대유니폼,2023-08-17,2023-08-24,지급완료
EMP0238,한태준,총무팀,부장,2026,안전조끼,XL,1,"18,000","18,000",연간정기지급,현대유니폼,2026-01-17,,미지급
EMP0485,김준혁,총무팀,주임,2025,안전조끼,XL,2,"18,000","36,000",사이즈변경,(주)워크웨어,2025-12-02,2025-12-08,지급완료
EMP0134,최나연,생산1팀,팀장,2025,우비,FREE,3,"22,000","66,000",파손교체,(주)워크웨어,2025-01-01,2025-01-11,지급완료
EMP0551,장나연,총무팀,주임,2023,근무복 세트,S,1,"60,000","60,000",연간정기지급,현대유니폼,2023-08-29,2023-09-09,지급완료
EMP0122,류소희,설비유지팀,사원,2025,근무복 세트,L,2,"60,000","120,000",분실교체,대한안전용품,2025-09-10,2025-09-16,지급완료
EMP0477,황수빈,인사팀,사원,2025,안전화,240,2,"55,000","110,000",분실교체,(주)유니폼코리아,2025-12-02,2025-12-07,지급완료
EMP0543,임건우,생산3팀,팀장,2023,근무복 세트,S,3,"60,000","180,000",사이즈변경,삼성안전,2023-09-28,,미지급
EMP0210,류미래,물류팀,과장,2024,우비,FREE,1,"22,000","22,000",신규입사,(주)워크웨어,2024-07-18,2024-07-27,지급완료
EMP0516,박수아,구매팀,과장,2024,방한복,L,2,"75,000","150,000",추가지급,대한안전용품,2024-11-28,2024-12-11,지급완료
EMP0466,박승민,생산3팀,팀장,2026,안전화,260,3,"55,000","165,000",파손교체,대한안전용품,2026-02-01,2026-02-11,지급완료
EMP0552,신지민,총무팀,주임,2026,근무복 상의,S,3,"35,000","105,000",신규입사,현대유니폼,2026-05-01,2026-05-03,지급완료
EMP0024,윤지현,생산2팀,차장,2025,근무복 세트,M,3,"60,000","180,000",추가지급,삼성안전,2025-05-19,2025-05-21,지급완료
EMP0218,장혜린,생산3팀,과장,2024,근무복 세트,M,1,"60,000","60,000",사이즈변경,현대유니폼,2024-08-20,,미지급
EMP0517,최유진,연구개발팀,사원,2026,근무복 상의,XL,3,"35,000","105,000",파손교체,삼성안전,2026-03-26,2026-03-29,지급완료
EMP0357,황재원,연구개발팀,팀장,2024,방한복,L,1,"75,000","75,000",사이즈변경,현대유니폼,2024-04-21,2024-05-03,지급완료
EMP0391,류지석,설비유지팀,부장,2024,안전화,280,3,"55,000","165,000",파손교체,(주)워크웨어,2024-05-09,2024-05-13,지급완료
EMP0044,신현우,물류팀,과장,2024,근무복 상의,XL,1,"35,000","35,000",분실교체,(주)유니폼코리아,2024-06-30,,미지급
EMP0217,이소희,생산1팀,부장,2023,방한복,2XL,2,"75,000","150,000",사이즈변경,삼성안전,2023-05-16,,미지급
EMP0105,전나연,물류팀,사원,2023,근무복 상의,2XL,2,"35,000","70,000",신규입사,현대유니폼,2023-04-16,2023-04-20,지급완료
EMP0379,박준혁,인사팀,차장,2025,근무복 상의,L,2,"35,000","70,000",추가지급,(주)워크웨어,2025-11-19,2025-11-28,지급완료
EMP0258,박채원,연구개발팀,대리,2025,근무복 세트,M,2,"60,000","120,000",분실교체,(주)유니폼코리아,2025-12-11,2025-12-19,지급완료
EMP0436,황동현,인사팀,대리,2024,방한복,L,1,"75,000","75,000",연간정기지급,(주)유니폼코리아,2024-08-28,2024-09-04,지급완료
EMP0505,서예린,연구개발팀,차장,2024,안전조끼,FREE,1,"18,000","18,000",분실교체,(주)워크웨어,2024-03-26,2024-03-31,지급완료
EMP0004,임현우,구매팀,대리,2023,안전조끼,L,3,"18,000","54,000",파손교체,(주)유니폼코리아,2023-06-14,,미지급
EMP0275,송건우,생산2팀,팀장,2026,근무복 세트,XL,2,"60,000","120,000",분실교체,대한안전용품,2026-02-25,2026-03-10,지급완료
EMP0015,이지현,생산1팀,주임,2023,근무복 하의,M,2,"30,000","60,000",파손교체,삼성안전,2023-08-25,2023-08-28,지급완료
EMP0568,조현우,영업팀,팀장,2024,방한복,2XL,2,"75,000","150,000",사이즈변경,삼성안전,2024-03-03,2024-03-09,지급완료
EMP0154,한유진,총무팀,과장,2023,안전조끼,L,3,"18,000","54,000",추가지급,(주)워크웨어,2023-07-22,,미지급
EMP0482,류소희,생산1팀,과장,2024,안전화,265,3,"55,000","165,000",추가지급,현대유니폼,2024-11-07,2024-11-16,지급완료
EMP0444,송승민,재무팀,대리,2026,근무복 상의,S,2,"35,000","70,000",연간정기지급,현대유니폼,2026-01-15,2026-01-28,지급완료
EMP0204,신민호,설비유지팀,주임,2025,근무복 상의,L,2,"35,000","70,000",연간정기지급,대한안전용품,2025-01-16,2025-01-21,지급완료
EMP0382,최하은,생산2팀,사원,2025,안전화,260,2,"55,000","110,000",추가지급,(주)유니폼코리아,2025-11-13,2025-11-14,지급완료
EMP0240,박도윤,인사팀,차장,2025,근무복 하의,L,3,"30,000","90,000",추가지급,삼성안전,2025-12-08,2025-12-21,지급완료
EMP0360,한준혁,인사팀,부장,2023,방한복,M,2,"75,000","150,000",신규입사,삼성안전,2023-08-23,2023-08-30,지급완료
EMP0095,황하은,물류팀,주임,2025,안전조끼,FREE,1,"18,000","18,000",사이즈변경,삼성안전,2025-02-17,,미지급
EMP0562,류미래,인사팀,사원,2026,근무복 하의,M,3,"30,000","90,000",연간정기지급,(주)유니폼코리아,2026-03-13,2026-03-14,지급완료
EMP0103,한지현,생산2팀,부장,2025,근무복 세트,M,2,"60,000","120,000",연간정기지급,삼성안전,2025-03-02,2025-03-14,지급완료
EMP0247,전태준,구매팀,부장,2024,안전화,275,1,"55,000","55,000",파손교체,삼성안전,2024-05-05,,미지급
EMP0521,장현우,생산2팀,대리,2026,안전조끼,XL,3,"18,000","54,000",파손교체,(주)유니폼코리아,2026-01-08,2026-01-20,지급완료
EMP0371,서성호,품질관리팀,주임,2024,방한복,2XL,1,"75,000","75,000",분실교체,(주)유니폼코리아,2024-12-25,2025-01-05,지급완료
EMP0022,안지훈,영업팀,사원,2023,근무복 하의,L,3,"30,000","90,000",파손교체,대한안전용품,2023-05-13,2023-05-27,지급완료
EMP0535,강지민,총무팀,부장,2024,방한복,2XL,1,"75,000","75,000",추가지급,(주)유니폼코리아,2024-01-01,2024-01-02,지급완료
EMP0478,한수빈,품질관리팀,대리,2024,방한복,M,1,"75,000","75,000",신규입사,대한안전용품,2024-12-26,2025-01-05,지급완료
EMP0130,김현우,총무팀,팀장,2024,근무복 하의,S,3,"30,000","90,000",분실교체,현대유니폼,2024-11-20,2024-12-03,지급완료
EMP0161,조지석,설비유지팀,주임,2024,안전조끼,FREE,3,"18,000","54,000",분실교체,현대유니폼,2024-08-07,2024-08-09,지급완료
EMP0009,정서연,생산1팀,사원,2024,안전조끼,XL,1,"18,000","18,000",신규입사,현대유니폼,2024-10-30,2024-11-06,지급완료
EMP0245,윤동현,재무팀,팀장,2023,안전조끼,L,2,"18,000","36,000",연간정기지급,대한안전용품,2023-10-22,2023-11-05,지급완료
EMP0325,서서연,인사팀,주임,2023,방한복,L,1,"75,000","75,000",추가지급,(주)워크웨어,2023-01-03,2023-01-13,지급완료
EMP0114,류혜린,생산3팀,팀장,2024,근무복 상의,S,1,"35,000","35,000",파손교체,삼성안전,2024-07-29,2024-08-06,지급완료
EMP0019,권건우,구매팀,대리,2025,방한복,2XL,1,"75,000","75,000",사이즈변경,(주)유니폼코리아,2025-10-19,2025-10-28,지급완료
EMP0515,박건우,생산3팀,팀장,2026,우비,FREE,3,"22,000","66,000",사이즈변경,현대유니폼,2026-03-08,2026-03-12,지급완료
EMP0012,신도윤,인사팀,차장,2025,안전조끼,XL,3,"18,000","54,000",파손교체,대한안전용품,2025-10-06,2025-10-08,지급완료
EMP0215,임하은,구매팀,과장,2024,방한복,XL,3,"75,000","225,000",신규입사,(주)워크웨어,2024-04-13,2024-04-18,지급완료
EMP0024,김수아,총무팀,차장,2023,안전조끼,L,3,"18,000","54,000",사이즈변경,대한안전용품,2023-05-04,2023-05-15,지급완료
EMP0275,오아영,설비유지팀,사원,2025,근무복 세트,S,3,"60,000","180,000",사이즈변경,현대유니폼,2025-10-02,2025-10-03,지급완료
EMP0041,강미래,구매팀,대리,2024,우비,FREE,2,"22,000","44,000",추가지급,(주)유니폼코리아,2024-04-18,2024-05-01,지급완료
EMP0128,이성호,품질관리팀,부장,2025,근무복 하의,2XL,1,"30,000","30,000",파손교체,(주)유니폼코리아,2025-05-05,,미지급
EMP0500,오지현,품질관리팀,주임,2024,우비,FREE,2,"22,000","44,000",추가지급,(주)워크웨어,2024-01-18,2024-01-24,지급완료
EMP0502,최소희,인사팀,부장,2024,우비,FREE,2,"22,000","44,000",신규입사,(주)유니폼코리아,2024-01-16,,미지급
EMP0540,전서연,설비유지팀,차장,2024,안전조끼,FREE,1,"18,000","18,000",연간정기지급,(주)유니폼코리아,2024-07-10,2024-07-21,지급완료
EMP0435,이나연,영업팀,주임,2023,근무복 세트,M,2,"60,000","120,000",사이즈변경,(주)워크웨어,2023-02-14,2023-02-27,지급완료
EMP0182,김재원,인사팀,부장,2023,방한복,M,2,"75,000","150,000",신규입사,삼성안전,2023-05-03,2023-05-07,지급완료
EMP0353,최예린,연구개발팀,과장,2024,안전화,280,1,"55,000","55,000",사이즈변경,(주)유니폼코리아,2024-04-09,2024-04-12,지급완료
EMP0394,송채원,생산2팀,사원,2024,근무복 세트,XL,1,"60,000","60,000",파손교체,삼성안전,2024-01-30,,미지급
EMP0253,강민호,설비유지팀,대리,2023,안전조끼,L,1,"18,000","18,000",신규입사,현대유니폼,2023-01-11,2023-01-12,지급완료
EMP0062,최지석,생산2팀,팀장,2023,안전화,255,2,"55,000","110,000",연간정기지급,(주)워크웨어,2023-11-16,2023-11-23,지급완료
EMP0319,최나연,재무팀,주임,2025,방한복,M,2,"75,000","150,000",분실교체,대한안전용품,2025-01-23,2025-01-26,지급완료
EMP0382,권승민,생산3팀,팀장,2024,우비,FREE,1,"22,000","22,000",사이즈변경,(주)유니폼코리아,2024-04-01,2024-04-03,지급완료
EMP0427,안지훈,영업팀,사원,2023,근무복 상의,2XL,1,"35,000","35,000",신규입사,현대유니폼,2023-06-17,2023-06-22,지급완료
EMP0370,류태준,영업팀,팀장,2023,방한복,L,1,"75,000","75,000",파손교체,(주)유니폼코리아,2023-11-09,2023-11-22,지급완료
EMP0371,정미래,품질관리팀,주임,2023,방한복,2XL,3,"75,000","225,000",연간정기지급,현대유니폼,2023-02-03,2023-02-07,지급완료
EMP0135,이준혁,구매팀,차장,2023,근무복 세트,2XL,2,"60,000","120,000",연간정기지급,(주)유니폼코리아,2023-05-15,2023-05-18,지급완료
EMP0378,전서연,총무팀,팀장,2023,근무복 하의,L,3,"30,000","90,000",신규입사,현대유니폼,2023-04-02,2023-04-04,지급완료
EMP0459,이보람,생산2팀,부장,2023,근무복 세트,2XL,1,"60,000","60,000",사이즈변경,(주)유니폼코리아,2023-09-22,2023-09-27,지급완료
EMP0083,윤도윤,구매팀,차장,2023,안전화,270,2,"55,000","110,000",파손교체,대한안전용품,2023-10-24,,미지급
EMP0378,송준혁,품질관리팀,팀장,2024,안전조끼,L,2,"18,000","36,000",분실교체,현대유니폼,2024-09-23,,미지급
EMP0440,오유진,물류팀,주임,2026,방한복,L,3,"75,000","225,000",추가지급,(주)워크웨어,2026-01-15,2026-01-18,지급완료
EMP0090,박태준,품질관리팀,주임,2023,근무복 상의,XL,3,"35,000","105,000",신규입사,대한안전용품,2023-07-18,,미지급
EMP0077,최보람,설비유지팀,팀장,2023,근무복 세트,XL,2,"60,000","120,000",파손교체,대한안전용품,2023-10-26,,미지급
EMP0043,류상우,설비유지팀,팀장,2024,근무복 상의,S,1,"35,000","35,000",연간정기지급,(주)워크웨어,2024-05-16,2024-05-20,지급완료
EMP0036,류수빈,물류팀,부장,2023,근무복 상의,S,1,"35,000","35,000",연간정기지급,현대유니폼,2023-12-03,,미지급
EMP0136,김건우,총무팀,차장,2023,우비,FREE,3,"22,000","66,000",파손교체,현대유니폼,2023-12-12,2023-12-21,지급완료
EMP0247,임예린,설비유지팀,주임,2023,방한복,M,1,"75,000","75,000",분실교체,(주)워크웨어,2023-09-04,2023-09-10,지급완료
EMP0252,박지훈,품질관리팀,주임,2025,안전조끼,XL,3,"18,000","54,000",분실교체,(주)유니폼코리아,2025-07-21,2025-07-22,지급완료
EMP0543,박지석,재무팀,사원,2023,근무복 하의,XL,2,"30,000","60,000",사이즈변경,(주)워크웨어,2023-12-26,2024-01-01,지급완료
EMP0161,류보람,총무팀,부장,2026,안전화,250,2,"55,000","110,000",파손교체,대한안전용품,2026-02-17,2026-03-03,지급완료
EMP0181,조유진,생산3팀,차장,2025,우비,FREE,2,"22,000","44,000",신규입사,대한안전용품,2025-05-12,2025-05-13,지급완료
EMP0365,최서연,총무팀,대리,2025,안전화,240,2,"55,000","110,000",연간정기지급,대한안전용품,2025-11-19,,미지급
EMP0153,안동현,영업팀,대리,2023,근무복 하의,M,3,"30,000","90,000",신규입사,(주)유니폼코리아,2023-12-09,,미지급
EMP0373,정예린,구매팀,과장,2025,근무복 상의,S,3,"35,000","105,000",신규입사,현대유니폼,2025-01-14,2025-01-24,지급완료
EMP0081,김재원,물류팀,차장,2023,근무복 세트,2XL,3,"60,000","180,000",사이즈변경,삼성안전,2023-04-17,2023-04-24,지급완료
EMP0574,윤성호,생산3팀,주임,2025,우비,FREE,3,"22,000","66,000",사이즈변경,현대유니폼,2025-04-03,2025-04-04,지급완료
EMP0063,한태영,재무팀,사원,2024,안전조끼,L,2,"18,000","36,000",연간정기지급,삼성안전,2024-12-21,2024-12-28,지급완료
EMP0172,박아영,물류팀,팀장,2025,안전조끼,L,3,"18,000","54,000",신규입사,삼성안전,2025-04-05,2025-04-14,지급완료
EMP0573,강지훈,생산3팀,부장,2024,근무복 세트,L,1,"60,000","60,000",분실교체,현대유니폼,2024-08-20,2024-09-02,지급완료
EMP0589,신지민,연구개발팀,주임,2026,방한복,XL,3,"75,000","225,000",사이즈변경,현대유니폼,2026-02-12,,미지급
EMP0225,신지민,설비유지팀,부장,2025,근무복 하의,XL,1,"30,000","30,000",연간정기지급,(주)워크웨어,2025-01-30,,미지급
EMP0502,이준혁,구매팀,과장,2025,근무복 세트,2XL,1,"60,000","60,000",추가지급,대한안전용품,2025-02-05,2025-02-08,지급완료
EMP0249,황예린,구매팀,주임,2025,방한복,XL,2,"75,000","150,000",신규입사,(주)유니폼코리아,2025-02-22,,미지급
EMP0550,송민호,연구개발팀,사원,2024,방한복,XL,2,"75,000","150,000",연간정기지급,현대유니폼,2024-07-21,2024-08-01,지급완료
EMP0329,최수아,생산3팀,부장,2023,안전화,245,2,"55,000","110,000",신규입사,삼성안전,2023-06-21,2023-06-29,지급완료
EMP0597,한도윤,물류팀,과장,2025,근무복 상의,2XL,2,"35,000","70,000",신규입사,(주)유니폼코리아,2025-06-13,2025-06-22,지급완료
EMP0535,윤상우,영업팀,차장,2023,안전조끼,XL,3,"18,000","54,000",파손교체,현대유니폼,2023-08-07,2023-08-19,지급완료
EMP0257,전소희,생산1팀,주임,2026,방한복,M,2,"75,000","150,000",추가지급,삼성안전,2026-05-08,,미지급
EMP0141,안건우,설비유지팀,대리,2025,근무복 상의,S,3,"35,000","105,000",파손교체,현대유니폼,2025-03-11,2025-03-14,지급완료
EMP0524,이민호,물류팀,대리,2025,안전조끼,L,2,"18,000","36,000",파손교체,현대유니폼,2025-10-08,2025-10-14,지급완료
EMP0162,송민호,생산3팀,팀장,2025,근무복 상의,S,2,"35,000","70,000",연간정기지급,삼성안전,2025-01-21,2025-01-27,지급완료
EMP0038,조수빈,생산2팀,차장,2024,근무복 세트,2XL,3,"60,000","180,000",연간정기지급,대한안전용품,2024-05-28,,미지급
EMP0444,윤민호,인사팀,팀장,2024,근무복 하의,M,1,"30,000","30,000",신규입사,현대유니폼,2024-03-09,2024-03-13,지급완료
EMP0269,권준혁,품질관리팀,과장,2026,근무복 하의,XL,3,"30,000","90,000",추가지급,(주)워크웨어,2026-02-13,2026-02-24,지급완료
EMP0504,오재원,설비유지팀,차장,2026,우비,FREE,2,"22,000","44,000",분실교체,대한안전용품,2026-02-15,2026-02-24,지급완료
EMP0386,서성호,연구개발팀,부장,2024,근무복 세트,XL,3,"60,000","180,000",추가지급,삼성안전,2024-03-20,,미지급
EMP0391,김유진,생산3팀,차장,2025,방한복,XL,2,"75,000","150,000",신규입사,현대유니폼,2025-03-14,2025-03-19,지급완료
EMP0124,신나연,생산3팀,부장,2023,안전조끼,L,3,"18,000","54,000",사이즈변경,대한안전용품,2023-04-24,2023-05-06,지급완료
EMP0585,송나연,재무팀,팀장,2025,근무복 하의,XL,2,"30,000","60,000",분실교체,대한안전용품,2025-10-27,2025-11-08,지급완료
EMP0564,권민준,생산2팀,과장,2023,안전조끼,XL,1,"18,000","18,000",신규입사,현대유니폼,2023-03-07,2023-03-12,지급완료
EMP0340,류소희,품질관리팀,주임,2026,근무복 상의,2XL,3,"35,000","105,000",사이즈변경,대한안전용품,2026-03-01,,미지급
EMP0196,황민호,품질관리팀,차장,2025,근무복 상의,S,2,"35,000","70,000",사이즈변경,대한안전용품,2025-10-12,2025-10-24,지급완료
EMP0294,한건우,재무팀,차장,2024,근무복 하의,M,1,"30,000","30,000",신규입사,대한안전용품,2024-03-07,,미지급
EMP0213,최건우,인사팀,부장,2025,근무복 상의,XL,2,"35,000","70,000",추가지급,(주)유니폼코리아,2025-12-13,2025-12-23,지급완료
EMP0466,송채원,생산3팀,팀장,2025,근무복 하의,L,3,"30,000","90,000",분실교체,현대유니폼,2025-08-07,2025-08-13,지급완료
EMP0465,조미래,설비유지팀,대리,2026,방한복,L,1,"75,000","75,000",분실교체,(주)유니폼코리아,2026-04-14,2026-04-26,지급완료
EMP0219,강민호,총무팀,대리,2025,안전조끼,XL,3,"18,000","54,000",신규입사,대한안전용품,2025-05-23,2025-06-01,지급완료
EMP0468,황지민,영업팀,대리,2023,안전조끼,FREE,3,"18,000","54,000",분실교체,삼성안전,2023-10-20,2023-11-03,지급완료
EMP0391,장하은,품질관리팀,주임,2025,근무복 하의,XL,3,"30,000","90,000",연간정기지급,대한안전용품,2025-01-18,2025-02-01,지급완료
EMP0030,한태준,설비유지팀,주임,2025,근무복 상의,2XL,1,"35,000","35,000",추가지급,(주)유니폼코리아,2025-04-06,2025-04-11,지급완료
EMP0567,신미래,총무팀,대리,2025,방한복,XL,1,"75,000","75,000",연간정기지급,현대유니폼,2025-12-15,2025-12-21,지급완료
EMP0508,황채원,품질관리팀,부장,2023,근무복 하의,S,1,"30,000","30,000",파손교체,삼성안전,2023-12-12,2023-12-22,지급완료
EMP0035,전서연,인사팀,차장,2023,방한복,M,1,"75,000","75,000",사이즈변경,삼성안전,2023-02-06,,미지급
EMP0082,김하은,설비유지팀,대리,2023,안전조끼,FREE,3,"18,000","54,000",파손교체,삼성안전,2023-10-26,2023-10-30,지급완료
EMP0204,전채원,영업팀,사원,2023,근무복 세트,L,2,"60,000","120,000",추가지급,삼성안전,2023-02-18,2023-02-22,지급완료
EMP0123,임수아,물류팀,주임,2023,근무복 하의,2XL,1,"30,000","30,000",분실교체,현대유니폼,2023-08-24,2023-09-03,지급완료
EMP0061,임하은,품질관리팀,사원,2025,안전조끼,FREE,2,"18,000","36,000",연간정기지급,(주)워크웨어,2025-08-18,2025-08-22,지급완료
EMP0391,한동현,물류팀,차장,2026,안전화,265,2,"55,000","110,000",추가지급,(주)유니폼코리아,2026-01-31,,미지급
EMP0432,신성호,총무팀,대리,2025,안전조끼,L,3,"18,000","54,000",연간정기지급,현대유니폼,2025-10-12,2025-10-16,지급완료
EMP0119,윤현우,인사팀,부장,2023,근무복 상의,S,3,"35,000","105,000",신규입사,현대유니폼,2023-07-20,2023-07-31,지급완료
EMP0280,권유진,물류팀,과장,2026,우비,FREE,1,"22,000","22,000",사이즈변경,(주)유니폼코리아,2026-02-07,2026-02-14,지급완료
EMP0152,임재원,품질관리팀,부장,2025,안전화,250,1,"55,000","55,000",추가지급,(주)유니폼코리아,2025-04-08,,미지급
EMP0472,김재원,생산3팀,차장,2025,방한복,2XL,1,"75,000","75,000",분실교체,(주)워크웨어,2025-04-03,,미지급
EMP0312,강준혁,영업팀,대리,2023,근무복 세트,XL,3,"60,000","180,000",신규입사,대한안전용품,2023-06-28,2023-07-12,지급완료
EMP0448,박수아,설비유지팀,부장,2026,근무복 하의,S,3,"30,000","90,000",파손교체,(주)유니폼코리아,2026-04-23,2026-04-28,지급완료
EMP0430,조동현,생산3팀,차장,2025,근무복 상의,S,3,"35,000","105,000",연간정기지급,(주)유니폼코리아,2025-06-11,2025-06-18,지급완료
EMP0105,오혜린,재무팀,차장,2023,안전조끼,FREE,1,"18,000","18,000",분실교체,현대유니폼,2023-03-01,,미지급
EMP0110,류도윤,품질관리팀,과장,2023,안전조끼,L,3,"18,000","54,000",추가지급,삼성안전,2023-05-14,2023-05-16,지급완료
EMP0571,임상우,재무팀,대리,2023,근무복 세트,2XL,1,"60,000","60,000",연간정기지급,삼성안전,2023-02-14,2023-02-19,지급완료
EMP0359,권채원,총무팀,차장,2026,안전조끼,XL,3,"18,000","54,000",사이즈변경,대한안전용품,2026-03-08,2026-03-22,지급완료
EMP0291,조승민,생산2팀,팀장,2024,근무복 하의,L,1,"30,000","30,000",연간정기지급,현대유니폼,2024-07-01,2024-07-15,지급완료
EMP0324,장성호,총무팀,주임,2026,우비,FREE,3,"22,000","66,000",파손교체,대한안전용품,2026-04-23,,미지급
EMP0570,신아영,구매팀,사원,2024,근무복 상의,S,3,"35,000","105,000",연간정기지급,(주)유니폼코리아,2024-06-16,2024-06-20,지급완료
EMP0488,전보람,구매팀,사원,2024,우비,FREE,1,"22,000","22,000",신규입사,(주)워크웨어,2024-04-23,2024-04-29,지급완료
EMP0300,정도윤,품질관리팀,부장,2023,안전조끼,XL,2,"18,000","36,000",추가지급,대한안전용품,2023-03-04,2023-03-07,지급완료
EMP0434,오도윤,재무팀,대리,2023,근무복 하의,XL,1,"30,000","30,000",분실교체,(주)유니폼코리아,2023-08-22,,미지급
EMP0363,이상우,인사팀,팀장,2024,우비,FREE,1,"22,000","22,000",파손교체,(주)워크웨어,2024-12-18,2024-12-30,지급완료
EMP0030,전채원,연구개발팀,팀장,2023,안전화,270,1,"55,000","55,000",연간정기지급,현대유니폼,2023-07-31,2023-08-04,지급완료
EMP0157,정유진,구매팀,사원,2024,우비,FREE,2,"22,000","44,000",신규입사,대한안전용품,2024-02-02,2024-02-11,지급완료
EMP0593,이미래,물류팀,차장,2024,안전화,280,3,"55,000","165,000",추가지급,(주)유니폼코리아,2024-10-10,2024-10-11,지급완료
EMP0158,권예린,총무팀,부장,2024,근무복 세트,XL,3,"60,000","180,000",파손교체,(주)워크웨어,2024-01-16,2024-01-17,지급완료
EMP0357,조미래,생산2팀,대리,2026,방한복,M,3,"75,000","225,000",파손교체,현대유니폼,2026-03-02,2026-03-07,지급완료
EMP0237,윤지석,연구개발팀,차장,2024,근무복 하의,L,3,"30,000","90,000",파손교체,현대유니폼,2024-04-29,,미지급
EMP0149,강예린,연구개발팀,대리,2023,근무복 하의,S,2,"30,000","60,000",신규입사,대한안전용품,2023-08-02,2023-08-09,지급완료
EMP0205,김수빈,연구개발팀,차장,2026,우비,FREE,2,"22,000","44,000",파손교체,(주)유니폼코리아,2026-03-14,,미지급
EMP0050,전승민,품질관리팀,사원,2024,우비,FREE,3,"22,000","66,000",파손교체,(주)워크웨어,2024-10-11,2024-10-20,지급완료
EMP0336,강보람,품질관리팀,차장,2025,근무복 세트,L,3,"60,000","180,000",사이즈변경,(주)유니폼코리아,2025-09-03,2025-09-10,지급완료
EMP0339,류민준,생산1팀,차장,2025,근무복 세트,L,1,"60,000","60,000",신규입사,현대유니폼,2025-04-29,2025-05-07,지급완료
EMP0450,오준혁,총무팀,과장,2025,우비,FREE,3,"22,000","66,000",연간정기지급,삼성안전,2025-02-26,,미지급
EMP0198,김건우,생산2팀,주임,2023,우비,FREE,1,"22,000","22,000",사이즈변경,삼성안전,2023-09-18,2023-09-30,지급완료
EMP0050,전재원,생산3팀,주임,2024,방한복,M,2,"75,000","150,000",추가지급,(주)워크웨어,2024-03-20,2024-03-30,지급완료
EMP0273,신채원,생산2팀,사원,2024,근무복 상의,S,1,"35,000","35,000",분실교체,(주)워크웨어,2024-10-07,,미지급
EMP0042,류하은,인사팀,부장,2025,근무복 상의,S,3,"35,000","105,000",분실교체,대한안전용품,2025-02-21,2025-03-05,지급완료
EMP0138,한예린,품질관리팀,차장,2023,안전화,250,3,"55,000","165,000",파손교체,대한안전용품,2023-04-14,2023-04-27,지급완료
EMP0197,서지현,인사팀,사원,2023,방한복,L,2,"75,000","150,000",추가지급,현대유니폼,2023-10-24,2023-11-01,지급완료
EMP0039,임채원,인사팀,주임,2023,안전화,275,3,"55,000","165,000",사이즈변경,대한안전용품,2023-06-07,2023-06-21,지급완료
EMP0320,윤하은,물류팀,팀장,2024,근무복 상의,L,1,"35,000","35,000",분실교체,삼성안전,2024-11-08,2024-11-13,지급완료
EMP0459,박지현,품질관리팀,사원,2024,안전조끼,XL,2,"18,000","36,000",연간정기지급,(주)유니폼코리아,2024-12-06,,미지급
EMP0330,이아영,생산3팀,사원,2025,안전화,270,2,"55,000","110,000",신규입사,현대유니폼,2025-10-29,2025-11-03,지급완료
EMP0136,한상우,인사팀,과장,2023,안전조끼,L,2,"18,000","36,000",사이즈변경,(주)유니폼코리아,2023-08-09,2023-08-10,지급완료
EMP0030,황민준,구매팀,팀장,2024,근무복 하의,M,2,"30,000","60,000",신규입사,현대유니폼,2024-04-20,2024-04-27,지급완료
EMP0133,한하은,설비유지팀,부장,2026,근무복 상의,M,1,"35,000","35,000",연간정기지급,현대유니폼,2026-05-24,2026-05-31,지급완료
EMP0339,조태준,영업팀,부장,2023,근무복 상의,M,3,"35,000","105,000",분실교체,삼성안전,2023-01-05,,미지급
EMP0296,이하은,생산2팀,과장,2024,방한복,M,3,"75,000","225,000",연간정기지급,삼성안전,2024-10-22,2024-11-03,지급완료
EMP0418,최태준,생산2팀,대리,2025,우비,FREE,3,"22,000","66,000",사이즈변경,현대유니폼,2025-09-17,,미지급
EMP0428,전태영,구매팀,과장,2025,우비,FREE,2,"22,000","44,000",파손교체,(주)유니폼코리아,2025-04-03,2025-04-14,지급완료
EMP0016,송지석,품질관리팀,부장,2024,방한복,2XL,1,"75,000","75,000",사이즈변경,삼성안전,2024-02-29,,미지급
EMP0287,권도윤,연구개발팀,차장,2026,근무복 상의,2XL,1,"35,000","35,000",추가지급,(주)유니폼코리아,2026-05-29,,미지급
EMP0387,한도윤,연구개발팀,사원,2025,근무복 세트,S,1,"60,000","60,000",신규입사,삼성안전,2025-08-30,2025-09-12,지급완료
EMP0511,안소희,생산2팀,주임,2025,안전조끼,XL,2,"18,000","36,000",신규입사,대한안전용품,2025-12-10,2025-12-19,지급완료
EMP0091,강미래,연구개발팀,팀장,2026,근무복 세트,2XL,1,"60,000","60,000",파손교체,(주)워크웨어,2026-03-29,2026-04-12,지급완료
EMP0478,안채원,인사팀,차장,2023,우비,FREE,2,"22,000","44,000",분실교체,(주)유니폼코리아,2023-04-07,2023-04-16,지급완료
EMP0048,조민준,생산3팀,부장,2026,우비,FREE,2,"22,000","44,000",분실교체,현대유니폼,2026-04-02,2026-04-06,지급완료
EMP0250,박성호,품질관리팀,부장,2023,안전화,275,1,"55,000","55,000",연간정기지급,현대유니폼,2023-07-13,2023-07-18,지급완료
EMP0042,안성호,생산1팀,부장,2023,우비,FREE,1,"22,000","22,000",분실교체,현대유니폼,2023-04-21,2023-04-25,지급완료
EMP0008,김현우,연구개발팀,과장,2024,안전화,245,2,"55,000","110,000",분실교체,(주)유니폼코리아,2024-09-12,2024-09-26,지급완료
EMP0002,오수아,생산3팀,주임,2025,근무복 세트,S,1,"60,000","60,000",사이즈변경,현대유니폼,2025-10-11,2025-10-14,지급완료
EMP0101,류아영,설비유지팀,팀장,2024,우비,FREE,3,"22,000","66,000",신규입사,(주)워크웨어,2024-06-23,2024-06-29,지급완료
EMP0475,한상우,설비유지팀,사원,2025,근무복 하의,S,1,"30,000","30,000",사이즈변경,대한안전용품,2025-01-11,2025-01-15,지급완료
EMP0554,서민호,영업팀,팀장,2024,근무복 하의,2XL,1,"30,000","30,000",연간정기지급,(주)유니폼코리아,2024-09-06,,미지급
EMP0280,정동현,인사팀,팀장,2023,근무복 하의,2XL,2,"30,000","60,000",분실교체,대한안전용품,2023-10-23,2023-11-02,지급완료
EMP0306,박성호,품질관리팀,팀장,2024,안전화,240,1,"55,000","55,000",연간정기지급,(주)워크웨어,2024-11-08,2024-11-20,지급완료
EMP0077,조지민,연구개발팀,과장,2023,근무복 하의,2XL,2,"30,000","60,000",신규입사,삼성안전,2023-06-02,,미지급
EMP0149,김현우,총무팀,부장,2023,방한복,M,2,"75,000","150,000",분실교체,삼성안전,2023-01-31,,미지급
EMP0305,김서연,재무팀,사원,2025,방한복,L,1,"75,000","75,000",분실교체,삼성안전,2025-09-06,2025-09-13,지급완료
EMP0255,서혜린,품질관리팀,부장,2024,안전조끼,XL,3,"18,000","54,000",파손교체,(주)워크웨어,2024-08-29,2024-09-12,지급완료
EMP0590,윤예린,생산3팀,과장,2026,근무복 세트,2XL,1,"60,000","60,000",분실교체,(주)유니폼코리아,2026-01-13,2026-01-15,지급완료
EMP0344,오도윤,재무팀,주임,2026,안전화,250,3,"55,000","165,000",연간정기지급,(주)워크웨어,2026-01-29,,미지급
EMP0132,서건우,영업팀,주임,2025,방한복,2XL,3,"75,000","225,000",분실교체,삼성안전,2025-05-10,2025-05-14,지급완료
EMP0069,신지민,생산3팀,차장,2024,근무복 하의,S,2,"30,000","60,000",신규입사,대한안전용품,2024-01-10,,미지급
EMP0278,황수아,연구개발팀,차장,2024,근무복 세트,2XL,1,"60,000","60,000",추가지급,(주)유니폼코리아,2024-07-04,2024-07-12,지급완료
EMP0066,류상우,구매팀,부장,2023,근무복 세트,S,3,"60,000","180,000",파손교체,현대유니폼,2023-11-26,,미지급
EMP0467,안태준,연구개발팀,차장,2024,근무복 하의,M,1,"30,000","30,000",추가지급,현대유니폼,2024-07-08,,미지급
EMP0303,정수아,재무팀,팀장,2023,근무복 세트,S,3,"60,000","180,000",사이즈변경,(주)유니폼코리아,2023-02-11,2023-02-20,지급완료
EMP0241,안지훈,연구개발팀,대리,2026,방한복,XL,1,"75,000","75,000",분실교체,(주)워크웨어,2026-03-15,2026-03-27,지급완료
EMP0044,신민호,인사팀,사원,2025,우비,FREE,2,"22,000","44,000",연간정기지급,삼성안전,2025-08-09,2025-08-18,지급완료
EMP0086,신지석,품질관리팀,차장,2025,우비,FREE,2,"22,000","44,000",연간정기지급,현대유니폼,2025-07-22,2025-07-24,지급완료
EMP0334,강보람,생산1팀,주임,2024,안전화,275,3,"55,000","165,000",추가지급,삼성안전,2024-08-26,2024-09-06,지급완료
EMP0112,서동현,재무팀,팀장,2025,방한복,2XL,1,"75,000","75,000",신규입사,(주)워크웨어,2025-01-08,2025-01-21,지급완료
EMP0200,한보람,연구개발팀,부장,2024,우비,FREE,1,"22,000","22,000",연간정기지급,현대유니폼,2024-09-24,2024-10-02,지급완료
EMP0561,임하은,영업팀,차장,2026,안전화,255,2,"55,000","110,000",파손교체,(주)워크웨어,2026-01-14,,미지급
EMP0465,김태영,영업팀,부장,2024,근무복 하의,XL,2,"30,000","60,000",파손교체,현대유니폼,2024-12-14,2024-12-26,지급완료
EMP0224,류태영,총무팀,주임,2023,방한복,2XL,1,"75,000","75,000",파손교체,대한안전용품,2023-09-29,2023-10-09,지급완료
EMP0042,박지현,생산2팀,부장,2024,근무복 상의,L,2,"35,000","70,000",사이즈변경,현대유니폼,2024-10-20,2024-10-24,지급완료
EMP0318,강태준,생산1팀,주임,2023,안전조끼,FREE,2,"18,000","36,000",파손교체,삼성안전,2023-01-21,2023-01-24,지급완료
EMP0046,권보람,물류팀,부장,2024,방한복,L,1,"75,000","75,000",연간정기지급,(주)워크웨어,2024-10-19,2024-10-21,지급완료
EMP0338,강혜린,구매팀,대리,2023,안전조끼,XL,3,"18,000","54,000",신규입사,대한안전용품,2023-01-28,2023-01-30,지급완료
EMP0227,전보람,인사팀,팀장,2025,근무복 하의,M,3,"30,000","90,000",연간정기지급,삼성안전,2025-05-09,2025-05-21,지급완료
EMP0523,박보람,품질관리팀,차장,2023,안전조끼,XL,3,"18,000","54,000",추가지급,(주)워크웨어,2023-05-31,,미지급
EMP0506,장지훈,생산2팀,대리,2024,방한복,L,2,"75,000","150,000",신규입사,대한안전용품,2024-08-21,2024-08-27,지급완료
EMP0186,류도윤,품질관리팀,과장,2025,근무복 하의,L,2,"30,000","60,000",연간정기지급,현대유니폼,2025-05-27,2025-05-30,지급완료
EMP0183,최지훈,물류팀,주임,2023,안전화,260,3,"55,000","165,000",연간정기지급,(주)워크웨어,2023-01-06,2023-01-08,지급완료
EMP0490,장상우,재무팀,대리,2025,근무복 세트,XL,3,"60,000","180,000",사이즈변경,삼성안전,2025-09-09,2025-09-15,지급완료
EMP0324,서민준,설비유지팀,부장,2023,안전화,245,3,"55,000","165,000",사이즈변경,현대유니폼,2023-06-16,2023-06-22,지급완료
EMP0358,전상우,물류팀,부장,2025,방한복,XL,1,"75,000","75,000",사이즈변경,(주)유니폼코리아,2025-06-30,2025-07-06,지급완료
EMP0399,윤채원,물류팀,과장,2023,근무복 하의,2XL,1,"30,000","30,000",분실교체,현대유니폼,2023-09-11,,미지급
EMP0451,정하은,품질관리팀,차장,2024,방한복,2XL,3,"75,000","225,000",분실교체,삼성안전,2024-09-28,2024-10-01,지급완료
EMP0188,한서연,연구개발팀,과장,2023,근무복 세트,S,3,"60,000","180,000",추가지급,현대유니폼,2023-05-31,2023-06-03,지급완료
EMP0534,오소희,인사팀,차장,2024,안전조끼,XL,1,"18,000","18,000",분실교체,현대유니폼,2024-05-10,2024-05-23,지급완료
EMP0570,서재원,품질관리팀,과장,2025,근무복 상의,M,3,"35,000","105,000",추가지급,현대유니폼,2025-10-31,2025-11-08,지급완료
EMP0446,정미래,재무팀,팀장,2023,방한복,L,2,"75,000","150,000",신규입사,(주)워크웨어,2023-09-13,,미지급
EMP0144,박민호,구매팀,차장,2025,근무복 세트,S,2,"60,000","120,000",파손교체,(주)워크웨어,2025-01-01,,미지급
EMP0322,윤승민,총무팀,팀장,2023,근무복 상의,2XL,3,"35,000","105,000",분실교체,대한안전용품,2023-02-03,2023-02-14,지급완료
EMP0103,임유진,영업팀,대리,2026,근무복 상의,S,2,"35,000","70,000",분실교체,삼성안전,2026-02-08,2026-02-12,지급완료
EMP0269,이혜린,설비유지팀,팀장,2024,우비,FREE,3,"22,000","66,000",추가지급,대한안전용품,2024-04-01,2024-04-12,지급완료
EMP0153,송지현,총무팀,팀장,2023,우비,FREE,3,"22,000","66,000",분실교체,현대유니폼,2023-10-10,2023-10-17,지급완료
EMP0406,정수빈,총무팀,대리,2026,근무복 상의,M,3,"35,000","105,000",신규입사,현대유니폼,2026-01-26,2026-02-01,지급완료
EMP0071,류수아,물류팀,사원,2025,안전조끼,FREE,3,"18,000","54,000",분실교체,(주)유니폼코리아,2025-06-21,2025-06-27,지급완료
EMP0274,강건우,구매팀,팀장,2025,근무복 세트,2XL,2,"60,000","120,000",파손교체,(주)유니폼코리아,2025-03-11,2025-03-15,지급완료
EMP0537,박지현,인사팀,주임,2024,안전화,250,3,"55,000","165,000",연간정기지급,대한안전용품,2024-08-01,2024-08-13,지급완료
EMP0098,황지훈,품질관리팀,팀장,2026,근무복 세트,XL,3,"60,000","180,000",분실교체,(주)워크웨어,2026-02-10,2026-02-20,지급완료
EMP0028,최미래,총무팀,팀장,2024,안전화,240,3,"55,000","165,000",신규입사,(주)워크웨어,2024-03-28,,미지급
EMP0355,안지현,재무팀,차장,2025,우비,FREE,2,"22,000","44,000",분실교체,(주)워크웨어,2025-06-20,2025-06-27,지급완료
EMP0470,서수아,연구개발팀,팀장,2024,우비,FREE,1,"22,000","22,000",사이즈변경,현대유니폼,2024-01-02,,미지급
EMP0183,임재원,생산3팀,팀장,2025,근무복 세트,S,2,"60,000","120,000",분실교체,(주)유니폼코리아,2025-04-18,2025-04-29,지급완료
EMP0392,전지민,연구개발팀,주임,2023,근무복 상의,M,1,"35,000","35,000",파손교체,(주)워크웨어,2023-05-05,2023-05-15,지급완료
EMP0483,황채원,총무팀,사원,2025,근무복 하의,M,2,"30,000","60,000",연간정기지급,(주)유니폼코리아,2025-05-04,2025-05-05,지급완료
EMP0444,정현우,생산2팀,부장,2023,안전조끼,FREE,1,"18,000","18,000",연간정기지급,(주)유니폼코리아,2023-03-23,2023-04-06,지급완료
EMP0040,안지석,재무팀,과장,2026,근무복 상의,L,2,"35,000","70,000",연간정기지급,(주)워크웨어,2026-04-05,,미지급
EMP0138,오현우,생산3팀,대리,2025,근무복 하의,XL,3,"30,000","90,000",파손교체,(주)유니폼코리아,2025-08-02,,미지급
EMP0026,박나연,생산3팀,차장,2023,근무복 세트,S,3,"60,000","180,000",파손교체,현대유니폼,2023-09-09,2023-09-10,지급완료
EMP0248,황현우,재무팀,팀장,2023,우비,FREE,3,"22,000","66,000",사이즈변경,(주)워크웨어,2023-07-15,2023-07-21,지급완료
EMP0151,정동현,영업팀,차장,2023,근무복 하의,2XL,2,"30,000","60,000",추가지급,현대유니폼,2023-03-24,,미지급
EMP0289,임소희,물류팀,사원,2026,안전조끼,L,1,"18,000","18,000",파손교체,삼성안전,2026-04-27,2026-05-06,지급완료
EMP0310,송채원,영업팀,부장,2024,근무복 세트,M,3,"60,000","180,000",분실교체,대한안전용품,2024-01-09,,미지급
EMP0394,이지훈,물류팀,차장,2024,근무복 상의,M,2,"35,000","70,000",신규입사,삼성안전,2024-12-05,2024-12-16,지급완료
EMP0163,이지석,재무팀,사원,2024,근무복 하의,L,2,"30,000","60,000",사이즈변경,삼성안전,2024-03-08,2024-03-17,지급완료
EMP0099,이미래,물류팀,차장,2024,안전조끼,FREE,3,"18,000","54,000",파손교체,삼성안전,2024-12-26,,미지급
EMP0162,조준혁,구매팀,대리,2025,근무복 상의,L,3,"35,000","105,000",분실교체,(주)워크웨어,2025-10-12,,미지급
EMP0067,류수빈,설비유지팀,대리,2023,우비,FREE,2,"22,000","44,000",추가지급,삼성안전,2023-09-21,2023-09-23,지급완료
EMP0228,김채원,인사팀,주임,2023,방한복,L,3,"75,000","225,000",신규입사,(주)워크웨어,2023-10-06,2023-10-07,지급완료
EMP0341,박유진,물류팀,차장,2025,근무복 상의,L,2,"35,000","70,000",연간정기지급,현대유니폼,2025-07-19,,미지급
EMP0248,송준혁,생산2팀,부장,2024,안전화,270,3,"55,000","165,000",분실교체,(주)유니폼코리아,2024-07-12,2024-07-16,지급완료
EMP0079,최상우,연구개발팀,과장,2025,근무복 세트,L,3,"60,000","180,000",사이즈변경,대한안전용품,2025-11-11,,미지급
EMP0044,강하은,총무팀,대리,2024,근무복 하의,S,3,"30,000","90,000",신규입사,(주)유니폼코리아,2024-04-27,2024-04-28,지급완료
EMP0091,장도윤,구매팀,차장,2025,방한복,XL,3,"75,000","225,000",분실교체,대한안전용품,2025-12-06,2025-12-07,지급완료
EMP0403,권유진,생산3팀,과장,2023,우비,FREE,2,"22,000","44,000",연간정기지급,대한안전용품,2023-12-09,,미지급
EMP0447,임지석,생산2팀,과장,2025,근무복 상의,L,1,"35,000","35,000",신규입사,삼성안전,2025-08-22,2025-08-27,지급완료
EMP0402,최하은,생산3팀,대리,2023,근무복 하의,2XL,2,"30,000","60,000",연간정기지급,삼성안전,2023-01-24,2023-01-30,지급완료
EMP0475,전상우,재무팀,사원,2023,근무복 하의,L,2,"30,000","60,000",신규입사,대한안전용품,2023-06-22,2023-07-06,지급완료
EMP0526,장서연,생산3팀,사원,2023,방한복,2XL,3,"75,000","225,000",추가지급,대한안전용품,2023-12-04,2023-12-17,지급완료
EMP0044,신현우,생산1팀,사원,2024,근무복 세트,M,3,"60,000","180,000",신규입사,(주)워크웨어,2024-04-06,,미지급
EMP0436,한아영,재무팀,과장,2024,근무복 세트,S,3,"60,000","180,000",사이즈변경,(주)워크웨어,2024-06-04,2024-06-06,지급완료
EMP0155,조동현,생산1팀,대리,2025,안전화,260,1,"55,000","55,000",사이즈변경,(주)워크웨어,2025-08-08,2025-08-11,지급완료
EMP0075,전혜린,품질관리팀,팀장,2026,우비,FREE,2,"22,000","44,000",파손교체,대한안전용품,2026-01-16,,미지급
EMP0313,조민호,영업팀,팀장,2023,근무복 상의,L,1,"35,000","35,000",파손교체,대한안전용품,2023-11-10,2023-11-14,지급완료
EMP0535,강수빈,설비유지팀,부장,2024,근무복 하의,S,2,"30,000","60,000",신규입사,(주)워크웨어,2024-08-18,2024-08-27,지급완료
EMP0425,전태준,생산3팀,팀장,2026,방한복,2XL,3,"75,000","225,000",연간정기지급,(주)유니폼코리아,2026-01-31,2026-02-08,지급완료
EMP0227,신소희,인사팀,차장,2023,우비,FREE,1,"22,000","22,000",파손교체,삼성안전,2023-05-04,2023-05-06,지급완료
